date,timestamp,block,pool,pair,asset_class,feeTier,base_is_token0,dec0,dec1,price,tick,sqrtPriceX96,liquidity,feeGrowthGlobal0X128,feeGrowthGlobal1X128
2025-08-02,1754092800,364004154,0xc6962004f452be9203591991d15f6b388e09e8d0,ETH/USDC,eth,500,True,18,6,3488.397818,-194748,4679426032671128608518827,6227009412073674366,941327271990170708708570695286465019235181,1770095870989692603150119912504947
2025-08-03,1754179200,364350002,0xc6962004f452be9203591991d15f6b388e09e8d0,ETH/USDC,eth,500,True,18,6,3392.813054,-195026,4614870822639687555993135,5555214312340649913,942161188349697332307999722813625390683419,1772837448378437717652269763196206
2025-08-04,1754265600,364695730,0xc6962004f452be9203591991d15f6b388e09e8d0,ETH/USDC,eth,500,True,18,6,3498.293281,-194720,4686058346118810326687333,10202667140425669507,942547642559745803886213228720684909737365,1774327300407389241185793513936256
2025-08-05,1754352000,365041666,0xc6962004f452be9203591991d15f6b388e09e8d0,ETH/USDC,eth,500,True,18,6,3719.454483,-194107,4831914132860973489887907,9483258327848099199,943057021555475121607736716303687198517361,1776485560150480378979788130624181
2025-08-06,1754438400,365386230,0xc6962004f452be9203591991d15f6b388e09e8d0,ETH/USDC,eth,500,True,18,6,3611.955355,-194400,4761576548501906032904873,10411869235235877851,943718615790158457890621404351754091570628,1778728707736014432447386727362552
2025-08-07,1754524800,365731022,0xc6962004f452be9203591991d15f6b388e09e8d0,ETH/USDC,eth,500,True,18,6,3684.631311,-194201,4809241686544941975737184,11414578515182340341,944186515722586159739772718413965279386017,1780525886055712577716838278393301
2025-08-08,1754611200,366077342,0xc6962004f452be9203591991d15f6b388e09e8d0,ETH/USDC,eth,500,True,18,6,3913.095684,-193600,4956097225386431018668987,8383500391666867396,944652264324796482602142351089111811964466,1782611345444667219104402173483073
2025-08-09,1754697600,366423714,0xc6962004f452be9203591991d15f6b388e09e8d0,ETH/USDC,eth,500,True,18,6,4010.806036,-193353,5017592802249155736429360,9664204971089389657,945279281759206514470928736746984715338670,1785226596441877651443816369451908
2025-08-10,1754784000,366769918,0xc6962004f452be9203591991d15f6b388e09e8d0,ETH/USDC,eth,500,True,18,6,4264.469683,-192740,5173829340709012940996612,6261992412846761443,946006722651846895578523890439953521065127,1788621776132087349783627530263105
2025-08-11,1754870400,367116114,0xc6962004f452be9203591991d15f6b388e09e8d0,ETH/USDC,eth,500,True,18,6,4252.571672,-192768,5166606722242693332956267,7749402716076224258,946514487033685956292660763284765402332155,1790755207162503564537164838599600
2025-08-12,1754956800,367462278,0xc6962004f452be9203591991d15f6b388e09e8d0,ETH/USDC,eth,500,True,18,6,4226.05005,-192830,5150470473789719562219714,8976533166499197483,947334461500522744942121175207921352142470,1794224130956840623438405747198192
2025-08-13,1755043200,367808422,0xc6962004f452be9203591991d15f6b388e09e8d0,ETH/USDC,eth,500,True,18,6,4590.216732,-192003,5367798190366847545249083,5519539726158291411,948093553182699437603435628860367135962848,1798054989811276855320526056353573
2025-08-14,1755129600,368154694,0xc6962004f452be9203591991d15f6b388e09e8d0,ETH/USDC,eth,500,True,18,6,4751.884293,-191657,5461507222673436338688075,6343130517590533920,948870074366259734321498969957262806569818,1801892489111563352474927275988505
2025-08-15,1755216000,368500938,0xc6962004f452be9203591991d15f6b388e09e8d0,ETH/USDC,eth,500,True,18,6,4549.194426,-192093,5343758623517064744802131,7506739199047945267,950059823077538472421815638556388620612402,1807125734010103359079768629149756
2025-08-16,1755302400,368847082,0xc6962004f452be9203591991d15f6b388e09e8d0,ETH/USDC,eth,500,True,18,6,4444.069103,-192327,5281654464217910971814425,7119386824542954740,950925694536930134222471328357968987518942,1810897158605118740472055287605811
2025-08-17,1755388800,369192930,0xc6962004f452be9203591991d15f6b388e09e8d0,ETH/USDC,eth,500,True,18,6,4425.725343,-192368,5270742664004517544546404,8593864631690044121,951305785359293382126737655883664779378800,1812556835427546316845347916150143
2025-08-18,1755475200,369538762,0xc6962004f452be9203591991d15f6b388e09e8d0,ETH/USDC,eth,500,True,18,6,4474.781415,-192258,5299873412500415962881314,8350714927439041128,951675425915276556982760197146648343654075,1814282531343733944454161728285336
2025-08-19,1755561600,369884734,0xc6962004f452be9203591991d15f6b388e09e8d0,ETH/USDC,eth,500,True,18,6,4314.089864,-192624,5203842904036588938570118,8856601685072017022,952738819314071275272235494370268989530122,1818680288518900398840447214997958
2025-08-20,1755648000,370230810,0xc6962004f452be9203591991d15f6b388e09e8d0,ETH/USDC,eth,500,True,18,6,4076.924049,-193189,5058781179307792820686344,5492413691820802036,953756302001509601266850347165380292250699,1822653579169103928422716536967659
2025-08-21,1755734400,370576902,0xc6962004f452be9203591991d15f6b388e09e8d0,ETH/USDC,eth,500,True,18,6,4334.704644,-192576,5216261309059446601396457,8833165823501311715,954622065465849784901593918144830570372616,1826652303760730838133502345600571
2025-08-22,1755820800,370923018,0xc6962004f452be9203591991d15f6b388e09e8d0,ETH/USDC,eth,500,True,18,6,4223.972726,-192835,5149204455712658915886187,8862963750514012239,955269931206616461834165873981570346852270,1829274728565625427137220940050042
2025-08-23,1755907200,371269166,0xc6962004f452be9203591991d15f6b388e09e8d0,ETH/USDC,eth,500,True,18,6,4831.974747,-191490,5507340289762586207715561,8105385778557620520,956318433578389643792241222590568335347949,1834851256310786117498769536558621
2025-08-24,1755993600,371615102,0xc6962004f452be9203591991d15f6b388e09e8d0,ETH/USDC,eth,500,True,18,6,4775.458946,-191608,5475038049152978565414755,10357829639121643053,956718651175515045189031589340893726556693,1836677354011811510681787000066966
2025-08-25,1756080000,371961118,0xc6962004f452be9203591991d15f6b388e09e8d0,ETH/USDC,eth,500,True,18,6,4779.048396,-191600,5477095304756558807995170,9434719944469751216,957461024900368532091732299346482728590441,1840251557592794365183717332054686
2025-08-26,1756166400,372307418,0xc6962004f452be9203591991d15f6b388e09e8d0,ETH/USDC,eth,500,True,18,6,4377.374026,-192478,5241872002958670115304600,7389465159177347623,958635762847013023146935564722756483111220,1845095931266738469547144982085010
2025-08-27,1756252800,372653654,0xc6962004f452be9203591991d15f6b388e09e8d0,ETH/USDC,eth,500,True,18,6,4600.104442,-191982,5373576423373683016897584,8647698206213317516,959551967973980628328761301078693441933427,1849473818301564146689931985268403
2025-08-28,1756339200,372999826,0xc6962004f452be9203591991d15f6b388e09e8d0,ETH/USDC,eth,500,True,18,6,4506.42559,-192188,5318579875625750002401280,8489882820851336690,960335990603586075856975812910119385055678,1852951392515889245516158854564722
2025-08-29,1756425600,373346014,0xc6962004f452be9203591991d15f6b388e09e8d0,ETH/USDC,eth,500,True,18,6,4513.189169,-192173,5322569639336246355412318,9536898293111807595,960882062761192487789758656383354145852416,1855435020586039425010005589090278
2025-08-30,1756512000,373692234,0xc6962004f452be9203591991d15f6b388e09e8d0,ETH/USDC,eth,500,True,18,6,4360.623658,-192517,5231833171066978807677208,8568016892106324048,961739078025429632964697822225977127379892,1858985113213952547100679432370606
2025-08-31,1756598400,374038162,0xc6962004f452be9203591991d15f6b388e09e8d0,ETH/USDC,eth,500,True,18,6,4374.636145,-192485,5240232450727118331746130,10264508534867145034,962050810771265647018072781348376801894278,1860359304653665163492456129273562
2025-09-01,1756684800,374383986,0xc6962004f452be9203591991d15f6b388e09e8d0,ETH/USDC,eth,500,True,18,6,4391.727239,-192446,5250458901372264464713604,10042438946536531410,962327458936446999422486095757019266414100,1861613406126106510509537019897713
2025-09-02,1756771200,374730014,0xc6962004f452be9203591991d15f6b388e09e8d0,ETH/USDC,eth,500,True,18,6,4314.863919,-192622,5204309732515752301925035,8979968551430119738,962952136484340458711710372362164236222870,1864239290242724243655940789754008
2025-09-03,1756857600,375075970,0xc6962004f452be9203591991d15f6b388e09e8d0,ETH/USDC,eth,500,True,18,6,4325.996674,-192596,5211019212176400535288495,9526642743774816202,963590507088932005130925064679333505195623,1867017829646364358967034070051086
2025-09-04,1756944000,375421946,0xc6962004f452be9203591991d15f6b388e09e8d0,ETH/USDC,eth,500,True,18,6,4450.963982,-192312,5285750063934658806554425,11034126598185287081,963964457704771609117255265583842870880723,1868820455960659296368998544920345
2025-09-05,1757030400,375767970,0xc6962004f452be9203591991d15f6b388e09e8d0,ETH/USDC,eth,500,True,18,6,4298.819272,-192659,5194624713574597873419276,11348454116480339611,964403361125869873883099463413267434197783,1870540944672187201677231071904912
2025-09-06,1757116800,376113946,0xc6962004f452be9203591991d15f6b388e09e8d0,ETH/USDC,eth,500,True,18,6,4307.088146,-192640,5199618300861589444157041,11506903047865709385,965007179587161973349882718159335392110424,1873186959300795163871126564227074
2025-09-07,1757203200,376459502,0xc6962004f452be9203591991d15f6b388e09e8d0,ETH/USDC,eth,500,True,18,6,4274.512432,-192716,5179917895779277369835443,11429666184741591381,965165755825511701284000918422397400137649,1873824117187467577141965102968375
2025-09-08,1757289600,376805346,0xc6962004f452be9203591991d15f6b388e09e8d0,ETH/USDC,eth,500,True,18,6,4304.722647,-192646,5198190261578501544256801,11671038610101135285,965280004307272467849297102042860566292159,1874354340626590103898752204503314
2025-09-09,1757376000,377151402,0xc6962004f452be9203591991d15f6b388e09e8d0,ETH/USDC,eth,500,True,18,6,4308.511393,-192637,5200477318646723398336305,11858457632518567944,965564998039924355281018750272648730130380,1875590676862349055571502821222911
2025-09-10,1757462400,377497274,0xc6962004f452be9203591991d15f6b388e09e8d0,ETH/USDC,eth,500,True,18,6,4310.435141,-192632,5201638194203998604616471,12969478696108243104,965846854764496002854079732118017799877509,1876811155259927546788327973513283
2025-09-11,1757548800,377843098,0xc6962004f452be9203591991d15f6b388e09e8d0,ETH/USDC,eth,500,True,18,6,4348.818044,-192544,5224746241702279320451956,12433172086246618499,966147370901054754035721932989980236689856,1878171531884742627490203696066390
2025-09-12,1757635200,378188850,0xc6962004f452be9203591991d15f6b388e09e8d0,ETH/USDC,eth,500,True,18,6,4461.139039,-192289,5291788317971691251417707,12149423967584178097,966494819902192238740357117345714983944681,1879851024420393645988361002186499
2025-09-13,1757721600,378534626,0xc6962004f452be9203591991d15f6b388e09e8d0,ETH/USDC,eth,500,True,18,6,4716.097051,-191733,5440902589079940962043212,9298532421037026371,966830112020039315074547311123201324725667,1881707166585274145424720179713589
2025-09-14,1757808000,378879826,0xc6962004f452be9203591991d15f6b388e09e8d0,ETH/USDC,eth,500,True,18,6,4668.609927,-191834,5413440631984246312456793,12066393948444001105,967079795507496511002011679966423035493309,1882818526206968842535254152887310
2025-09-15,1757894400,379225098,0xc6962004f452be9203591991d15f6b388e09e8d0,ETH/USDC,eth,500,True,18,6,4608.744988,-191963,5378620748943643221899733,12396694086217219937,967308449554856986991200916124182779606988,1883802881471326775460297420559293
2025-09-16,1757980800,379570726,0xc6962004f452be9203591991d15f6b388e09e8d0,ETH/USDC,eth,500,True,18,6,4526.354963,-192144,5330327437938576495065644,11930324364080606996,967672801148338738893841213112561828822175,1885355002296904747739764800295673
2025-09-17,1758067200,379916166,0xc6962004f452be9203591991d15f6b388e09e8d0,ETH/USDC,eth,500,True,18,6,4503.619226,-192194,5316923552310548635963191,12833075884093274775,967932322361826822395590069921332628408405,1886495415726255642992614830288346
2025-09-18,1758153600,380261882,0xc6962004f452be9203591991d15f6b388e09e8d0,ETH/USDC,eth,500,True,18,6,4592.078703,-191999,5368886774172925535413633,11679994338521563543,968439102778547305905603417585461617661501,1888888123323074321978900889788527
2025-09-19,1758240000,380607654,0xc6962004f452be9203591991d15f6b388e09e8d0,ETH/USDC,eth,500,True,18,6,4591.647858,-192000,5368634904279236794548064,14124727612645257270,968683099658690631103242703739010031873126,1890010194585302845370634600695514
2025-09-20,1758326400,380953334,0xc6962004f452be9203591991d15f6b388e09e8d0,ETH/USDC,eth,500,True,18,6,4471.056901,-192267,5297667319885123453337278,12922580005961486861,968913940752271083876491722453834675812188,1890900337943942316080410770109677
2025-09-21,1758412800,381299138,0xc6962004f452be9203591991d15f6b388e09e8d0,ETH/USDC,eth,500,True,18,6,4483.794303,-192238,5305208101777040667891415,14472043957948331032,968988708203636969533973387289342169625252,1891251632623093127166723845446513
2025-09-22,1758499200,381644750,0xc6962004f452be9203591991d15f6b388e09e8d0,ETH/USDC,eth,500,True,18,6,4448.917196,-192316,5284534591939469241213285,12919934300762571286,969088747539590857898879003267519358470612,1891654813403752980360347513778610
2025-09-23,1758585600,381990794,0xc6962004f452be9203591991d15f6b388e09e8d0,ETH/USDC,eth,500,True,18,6,4202.24931,-192887,5135946498689847527129785,9697221431647541652,969807923363359909185672425825873846692656,1894375269843215206341988830677344
2025-09-24,1758672000,382337054,0xc6962004f452be9203591991d15f6b388e09e8d0,ETH/USDC,eth,500,True,18,6,4167.313402,-192970,5114552784978817614840813,9616185380159453093,970199523349877709106899926399975512345060,1895966610988431938457499955160666
2025-09-25,1758758400,382683506,0xc6962004f452be9203591991d15f6b388e09e8d0,ETH/USDC,eth,500,True,18,6,4154.71106,-193000,5106813488163685043427873,11118620119974549584,970521535545738321361819591980651991196970,1897289826086408684301308591246669
2025-09-26,1758844800,383030430,0xc6962004f452be9203591991d15f6b388e09e8d0,ETH/USDC,eth,500,True,18,6,3874.936779,-193698,4931873110430442088197667,6363772148968717999,971822063420299926152382038712549648882874,1902077405541908799160841288842262
2025-09-27,1758931200,383376862,0xc6962004f452be9203591991d15f6b388e09e8d0,ETH/USDC,eth,500,True,18,6,4036.432775,-193289,5033597041570939948725977,9182499315082474321,972516770633906256258596850858123321543956,1905041061401117222138093087807640
2025-09-28,1759017600,383723282,0xc6962004f452be9203591991d15f6b388e09e8d0,ETH/USDC,eth,500,True,18,6,4019.346734,-193332,5022932246921336445235386,10236801895537148196,972703123079373621383662471753036649589897,1905765920063420287869184008971325
2025-09-29,1759104000,384069218,0xc6962004f452be9203591991d15f6b388e09e8d0,ETH/USDC,eth,500,True,18,6,4144.729844,-193024,5100675533291452824954775,8818489523532161492,972926897506978313824796424506128461397559,1906837685973246347619038776970043
2025-09-30,1759190400,384415210,0xc6962004f452be9203591991d15f6b388e09e8d0,ETH/USDC,eth,500,True,18,6,4218.549804,-192848,5145898006937403591437377,10548101669166218376,973251205004230062612794073451114741526745,1908281704170965339515539778392471
2025-10-01,1759276800,384761334,0xc6962004f452be9203591991d15f6b388e09e8d0,ETH/USDC,eth,500,True,18,6,4145.866497,-193022,5101374891714121204054800,11139672519509832132,973661146815394845451894796044581979818740,1909891581759258219952572526266288
2025-10-02,1759363200,385107522,0xc6962004f452be9203591991d15f6b388e09e8d0,ETH/USDC,eth,500,True,18,6,4349.602696,-192542,5225217567715100431121222,11615360571409208817,974057480928904403175301842462230626868659,1911850262096471046207733145288021
2025-10-03,1759449600,385453506,0xc6962004f452be9203591991d15f6b388e09e8d0,ETH/USDC,eth,500,True,18,6,4488.618533,-192227,5308061339459579395511200,12114163057306937721,974463071997743868731698563718201256753295,1913819684722105079369823294772157
2025-10-04,1759536000,385799266,0xc6962004f452be9203591991d15f6b388e09e8d0,ETH/USDC,eth,500,True,18,6,4517.298278,-192164,5324992099560830097441493,12739815700453766937,974924095419516457554873685924826717669154,1915932120284689499372365474691319
2025-10-05,1759622400,386145226,0xc6962004f452be9203591991d15f6b388e09e8d0,ETH/USDC,eth,500,True,18,6,4490.184216,-192224,5308987015584981267468339,13509070082733518370,975077458800919718934638425247681863593851,1916585754466290498090459343040273
2025-10-06,1759708800,386491326,0xc6962004f452be9203591991d15f6b388e09e8d0,ETH/USDC,eth,500,True,18,6,4517.155221,-192164,5324907780787028626318610,13556257408080358035,975420621412827734647865319071187316986289,1918179967497580405202437775495443
2025-10-07,1759795200,386837518,0xc6962004f452be9203591991d15f6b388e09e8d0,ETH/USDC,eth,500,True,18,6,4688.56492,-191791,5424997603096497293032606,13962616102987994796,975799453672137053769069923407957885700084,1920145993286058787553624022268744
2025-10-08,1759881600,387184018,0xc6962004f452be9203591991d15f6b388e09e8d0,ETH/USDC,eth,500,True,18,6,4451.908246,-192309,5286310715154606664701339,12035292314383554981,976370091215088568505961730857406262395001,1922467021026981312616472050621334
2025-10-09,1759968000,387530358,0xc6962004f452be9203591991d15f6b388e09e8d0,ETH/USDC,eth,500,True,18,6,4528.203281,-192140,5331415634880986725994404,13000522880432513631,976781068818173551966939631901439485808430,1924405940558396457340839238568488
2025-10-10,1760054400,387876438,0xc6962004f452be9203591991d15f6b388e09e8d0,ETH/USDC,eth,500,True,18,6,4370.099463,-192495,5237514574723923986753710,13720553101377102701,977333985167876163475978094676323718476595,1926622272510648549252104942147136
2025-10-11,1760140800,388222722,0xc6962004f452be9203591991d15f6b388e09e8d0,ETH/USDC,eth,500,True,18,6,3836.397784,-193798,4907286336373161179213647,3607837675126168277,982415883586282852006692876353991487757676,1945036072072193256123920204386392
2025-10-12,1760227200,388569086,0xc6962004f452be9203591991d15f6b388e09e8d0,ETH/USDC,eth,500,True,18,6,3749.853038,-194026,4851619215439693962483042,4287921693060772678,984198565829452621385828729928492715488851,1951663835828615978806994091950382
2025-10-13,1760313600,388915314,0xc6962004f452be9203591991d15f6b388e09e8d0,ETH/USDC,eth,500,True,18,6,4157.77812,-192993,5108698097695740093181374,7343743165495929308,985659461476923357702097497796135951998029,1958023595582185785858047386692241
2025-10-14,1760400000,389261474,0xc6962004f452be9203591991d15f6b388e09e8d0,ETH/USDC,eth,500,True,18,6,4246.368867,-192782,5162837338420963439463958,8768050202436392745,986709957808157310538248758369113769359878,1962506438384008198965390983187394
2025-10-15,1760486400,389607742,0xc6962004f452be9203591991d15f6b388e09e8d0,ETH/USDC,eth,500,True,18,6,4126.786529,-193068,5089622666159387069934195,8812088332678560138,988365854952677562945642603576307553554464,1969049466009778825012217968106174
2025-10-16,1760572800,389953874,0xc6962004f452be9203591991d15f6b388e09e8d0,ETH/USDC,eth,500,True,18,6,3986.471496,-193414,5002348163238095050905373,7900453775752945822,989407598146762556627702051884748858014203,1973081447110131407476566128158362
2025-10-17,1760659200,390299850,0xc6962004f452be9203591991d15f6b388e09e8d0,ETH/USDC,eth,500,True,18,6,3894.329563,-193648,4944198909481118833187263,6657922547811418617,990575927545994547849371573716022884965984,1977576916996206923148532032204823
2025-10-18,1760745600,390645842,0xc6962004f452be9203591991d15f6b388e09e8d0,ETH/USDC,eth,500,True,18,6,3832.627671,-193807,4904874494482262165768863,6964593669859588421,992027434933334451458752986143652594035546,1982993205551605745792709319648031
2025-10-19,1760832000,390991282,0xc6962004f452be9203591991d15f6b388e09e8d0,ETH/USDC,eth,500,True,18,6,3889.55701,-193660,4941168390162436742930915,7166315672250299461,992327754503109177142435092482405530502371,1984235822940153727466529192131247
2025-10-20,1760918400,391336662,0xc6962004f452be9203591991d15f6b388e09e8d0,ETH/USDC,eth,500,True,18,6,3983.337054,-193422,5000381178891777364633556,7946463832155814131,992809457338277102033383764000945141993334,1986259309283278606336707741392921
2025-10-21,1761004800,391681910,0xc6962004f452be9203591991d15f6b388e09e8d0,ETH/USDC,eth,500,True,18,6,3980.210768,-193429,4998418541567013365844553,8844599626592236724,993349406678516505187135871902551987789320,1988414488104359113311551750081925
2025-10-22,1761091200,392027690,0xc6962004f452be9203591991d15f6b388e09e8d0,ETH/USDC,eth,500,True,18,6,3874.871972,-193698,4931831868429883109874847,7150341604195547276,994303293032454295321061785946606639986814,1992043203997774815734929139254999
2025-10-23,1761177600,392373718,0xc6962004f452be9203591991d15f6b388e09e8d0,ETH/USDC,eth,500,True,18,6,3807.219202,-193874,4888588984750320485952976,7169593491173828621,995323495574886628974917503407032259854486,1995846397271065546491718918714788
2025-10-24,1761264000,392719874,0xc6962004f452be9203591991d15f6b388e09e8d0,ETH/USDC,eth,500,True,18,6,3856.707559,-193745,4920258703964188126124695,7815094068819246417,995834999825864302853609036030616742517103,1997890118988755766434783110470503
2025-10-25,1761350400,393066006,0xc6962004f452be9203591991d15f6b388e09e8d0,ETH/USDC,eth,500,True,18,6,3934.033493,-193546,4969338835744317693168106,8820500756425208801,996347856083197816642811293354232277110641,2000014273440624443535257535391197
2025-10-26,1761436800,393411710,0xc6962004f452be9203591991d15f6b388e09e8d0,ETH/USDC,eth,500,True,18,6,3954.230247,-193495,4982078436398497102943389,9020236918650678132,996481811394892312905053770833037145916575,2000569583118700516561125644228435
2025-10-27,1761523200,393757550,0xc6962004f452be9203591991d15f6b388e09e8d0,ETH/USDC,eth,500,True,18,6,4157.860873,-192993,5108748936994649307086125,9474322026512010682,996798225821259716466687622392441102005386,2002127709838616815141870729414728
2025-10-28,1761609600,394103706,0xc6962004f452be9203591991d15f6b388e09e8d0,ETH/USDC,eth,500,True,18,6,4120.985212,-193082,5086043985577065393217239,10402689985744044352,997314011978146061057595664542769915641963,2004232053674545378095793071477920
2025-10-29,1761696000,394449854,0xc6962004f452be9203591991d15f6b388e09e8d0,ETH/USDC,eth,500,True,18,6,3982.111187,-193425,4999611688851526690226238,9073290297390483730,997914323186769692563044155217972889547421,2006492360784173189135519237477419
2025-10-30,1761782400,394795986,0xc6962004f452be9203591991d15f6b388e09e8d0,ETH/USDC,eth,500,True,18,6,3903.17407,-193625,4949810170810185339522374,8717861293343183814,998611708349554473530619219918862415352698,2009145621765906989051807493258001
2025-10-31,1761868800,395142190,0xc6962004f452be9203591991d15f6b388e09e8d0,ETH/USDC,eth,500,True,18,6,3804.432135,-193881,4886799315930033100123394,7634206765108181395,999514725613145784598224510612276145395026,2012455543873605446646160037125788
2025-11-01,1761955200,395488346,0xc6962004f452be9203591991d15f6b388e09e8d0,ETH/USDC,eth,500,True,18,6,3848.578874,-193766,4915070816388148916227494,9214056402980326432,1000051649393428585135061093104186802550134,2014582182582175274774012686468554
2025-11-02,1762041600,395834398,0xc6962004f452be9203591991d15f6b388e09e8d0,ETH/USDC,eth,500,True,18,6,3874.449617,-193699,4931563080126733694534022,10218738138912152974,1000188893214546042665948540175873059954780,2015148798234417433972935054853549
2025-11-03,1762128000,396180358,0xc6962004f452be9203591991d15f6b388e09e8d0,ETH/USDC,eth,500,True,18,6,3908.410994,-193612,4953129660681221417479758,9933039772536870354,1000405927096389616233849168549640180833043,2016035456973222783803883769234117
2025-11-04,1762214400,396526518,0xc6962004f452be9203591991d15f6b388e09e8d0,ETH/USDC,eth,500,True,18,6,3603.656987,-194423,4756103607591131623280230,5592140305841120577,1001645576462148940701329486529684019194988,2020168976762772150909849639941550
2025-11-05,1762300800,396872726,0xc6962004f452be9203591991d15f6b388e09e8d0,ETH/USDC,eth,500,True,18,6,3287.084914,-195343,4542396550008841941941913,2575775106269663554,1004877230047687858916448192510103466733317,2030509664419946226456200372582984
2025-11-06,1762387200,397218826,0xc6962004f452be9203591991d15f6b388e09e8d0,ETH/USDC,eth,500,True,18,6,3424.853664,-194932,4636610278854594518969839,4102453771521507478,1006345710026831306557202401550750872706386,2035588938781029113173256321892424
2025-11-07,1762473600,397564878,0xc6962004f452be9203591991d15f6b388e09e8d0,ETH/USDC,eth,500,True,18,6,3312.602223,-195266,4559993548278029501710425,3977946561675852775,1007548164493507325242564829417321983011863,2039445367702619867192876020717145
2025-11-08,1762560000,397911038,0xc6962004f452be9203591991d15f6b388e09e8d0,ETH/USDC,eth,500,True,18,6,3434.409426,-194904,4643074128845172441045971,5049887208684064339,1008902889706692312611311708421221837761088,2044110946241282729241424140910184
2025-11-09,1762646400,398257002,0xc6962004f452be9203591991d15f6b388e09e8d0,ETH/USDC,eth,500,True,18,6,3401.149014,-195002,4620536589803681035959904,489977787312940069780,1009437814946166871549106528097775389184151,2045891528711830809746122172876537
2025-11-10,1762732800,398602846,0xc6962004f452be9203591991d15f6b388e09e8d0,ETH/USDC,eth,500,True,18,6,3584.10088,-194478,4743180984703064424353709,5876536581842322464,1010012501082233944162039885759362734133872,2048159547091034394488311018009740
2025-11-11,1762819200,398949026,0xc6962004f452be9203591991d15f6b388e09e8d0,ETH/USDC,eth,500,True,18,6,3568.12243,-194522,4732596274333222642606561,6281010539841617897,1010737487847419198413499975063665124099948,2050735067246713280505294371851742
2025-11-12,1762905600,399295002,0xc6962004f452be9203591991d15f6b388e09e8d0,ETH/USDC,eth,500,True,18,6,3416.304056,-194957,4630819378445634000000000,4991810905463598699,1011676859001873358618829642206294139192359,2053824870016148697490264777844892
2025-11-13,1762992000,399640946,0xc6962004f452be9203591991d15f6b388e09e8d0,ETH/USDC,eth,500,True,18,6,3413.642436,-194965,4629015106610532585774033,5300017792495216890,1012656680780340056312995181672481756865699,2057201269404676277715406091548505
2025-11-14,1763078400,399987062,0xc6962004f452be9203591991d15f6b388e09e8d0,ETH/USDC,eth,500,True,18,6,3231.269017,-195514,4503665657627471501073160,3559842269823969585,1014474205799665817018046027890804366233883,2063009494487824380385589448939838
2025-11-15,1763164800,400333082,0xc6962004f452be9203591991d15f6b388e09e8d0,ETH/USDC,eth,500,True,18,6,3109.691444,-195898,4418127381834589329686528,3836273734666481037,1017209659663006161415187538163051444750014,2071494731515298863047801563615847
2025-11-16,1763251200,400677954,0xc6962004f452be9203591991d15f6b388e09e8d0,ETH/USDC,eth,500,True,18,6,3167.121176,-195715,4458737694917917604315136,4667552263696577795,1017755140393292311648709627007999027262022,2073310228005939374762024639993481
2025-11-17,1763337600,401023370,0xc6962004f452be9203591991d15f6b388e09e8d0,ETH/USDC,eth,500,True,18,6,3094.357017,-195947,4407220643241487018535145,4044830610848298085,1019204791444955041307707302621219456291201,2077700608060725742681687911560676
2025-11-18,1763424000,401369182,0xc6962004f452be9203591991d15f6b388e09e8d0,ETH/USDC,eth,500,True,18,6,3028.893598,-196161,4360352424202460300000000,3769774109774927024,1021103538982031137280016198802945564848862,2083467781770107179275295120373498
2025-11-19,1763510400,401714882,0xc6962004f452be9203591991d15f6b388e09e8d0,ETH/USDC,eth,500,True,18,6,3123.77171,-195853,4428118429353726379907232,5184755870293674365,1022850182655362014712611471504985499480821,2088936288502240647312455400729272
2025-11-20,1763596800,402060766,0xc6962004f452be9203591991d15f6b388e09e8d0,ETH/USDC,eth,500,True,18,6,3023.790323,-196178,4356677574141429195263850,4518871586244862589,1024711788742127965814960177096334462862036,2094364128459705868011830895714412
2025-11-21,1763683200,402406630,0xc6962004f452be9203591991d15f6b388e09e8d0,ETH/USDC,eth,500,True,18,6,2830.627868,-196838,4215227052577455092006912,2430569783139687461,1026856218897998198539062685808790895375132,2100311908578872426219312737701292
2025-11-22,1763769600,402752734,0xc6962004f452be9203591991d15f6b388e09e8d0,ETH/USDC,eth,500,True,18,6,2765.684203,-197070,4166591065806347623644455,3163916545410739338,1030662180522389368273776247876842144807004,2110634929114859806092268232574994
2025-11-23,1763856000,403097590,0xc6962004f452be9203591991d15f6b388e09e8d0,ETH/USDC,eth,500,True,18,6,2768.675597,-197059,4168843771859988745688924,3298248495625578148,1031396633185730381700323774457455115742400,2112656715702108938312421284481594
2025-11-24,1763942400,403441738,0xc6962004f452be9203591991d15f6b388e09e8d0,ETH/USDC,eth,500,True,18,6,2801.718497,-196941,4193646627850811832643581,3645128161483591897,1032135443015777343271348826935765595336864,2114790531906851742640408857838914
2025-11-25,1764028800,403787378,0xc6962004f452be9203591991d15f6b388e09e8d0,ETH/USDC,eth,500,True,18,6,2953.836274,-196412,4305987784648842335485952,4105168205102584105,1033407544808196906610048880240431917031496,2118662939200711679399330311554124
2025-11-26,1764115200,404133626,0xc6962004f452be9203591991d15f6b388e09e8d0,ETH/USDC,eth,500,True,18,6,2960.298459,-196390,4310695372684008437562998,4061140870098443964,1034356823550896718244868790984319734572481,2121440118830494452719210132346534
2025-11-27,1764201600,404479806,0xc6962004f452be9203591991d15f6b388e09e8d0,ETH/USDC,eth,500,True,18,6,3027.745884,-196165,4359526229246281799367481,7033418451083944543,1035070106326396096271025722436934416098671,2123657706346854831825631869287534
2025-11-28,1764288000,404825910,0xc6962004f452be9203591991d15f6b388e09e8d0,ETH/USDC,eth,500,True,18,6,3015.328875,-196206,4350577675628396838877597,10992666944858991247,1035495255989997028440505479102348894761006,2124925051182740681417305628464617
2025-11-29,1764374400,405171750,0xc6962004f452be9203591991d15f6b388e09e8d0,ETH/USDC,eth,500,True,18,6,3033.515261,-196146,4363677796290771583158452,9555455030242966729,1036077492385571300493004602613596368040326,2126725046343820499339438134390879
2025-11-30,1764460800,405517394,0xc6962004f452be9203591991d15f6b388e09e8d0,ETH/USDC,eth,500,True,18,6,2991.489502,-196285,4333345583326459851829271,5644505638692934140,1036353207225048805589594326140478200466368,2127488275017084730299298597512008
2025-12-01,1764547200,405863598,0xc6962004f452be9203591991d15f6b388e09e8d0,ETH/USDC,eth,500,True,18,6,2991.624675,-196285,4333443485371945556027503,5398582006041851908,1036600385239276732956910912326966639441607,2128235747325386780683317204402858
2025-12-02,1764633600,406210386,0xc6962004f452be9203591991d15f6b388e09e8d0,ETH/USDC,eth,500,True,18,6,2800.456774,-196945,4192702240388125031871111,4342218880612251074,1038191455794462159011937745765288249539269,2132416657458436544593701768701999
2025-12-03,1764720000,406557034,0xc6962004f452be9203591991d15f6b388e09e8d0,ETH/USDC,eth,500,True,18,6,2998.760739,-196261,4338608790526063438579103,5093476989420167538,1039074098292049531106823669225966871695909,2135307690444416894450174185091770
2025-12-04,1764806400,406903358,0xc6962004f452be9203591991d15f6b388e09e8d0,ETH/USDC,eth,500,True,18,6,3189.283898,-195645,4474311063205901385048000,5448177225098654558,1040090734013229317897862537669062929635096,2138745425522408258540592906227954
2025-12-05,1764892800,407249366,0xc6962004f452be9203591991d15f6b388e09e8d0,ETH/USDC,eth,500,True,18,6,3134.778015,-195817,4435912591457042775047458,6222635474701043966,1040993529556277411082081626131906289705077,2141524033652884200020025868701427
2025-12-06,1764979200,407596122,0xc6962004f452be9203591991d15f6b388e09e8d0,ETH/USDC,eth,500,True,18,6,3024.154657,-196177,4356940032146186213185814,5541025278670862601,1041995974984750886539257539853005246034222,2144446849501344869010141184466296
2025-12-07,1765065600,407942722,0xc6962004f452be9203591991d15f6b388e09e8d0,ETH/USDC,eth,500,True,18,6,3040.042066,-196124,4368369641581334908527636,5936234675052627176,1042263486286375719904798307962255704065745,2145284237284844610562956251740959
2025-12-08,1765152000,408289242,0xc6962004f452be9203591991d15f6b388e09e8d0,ETH/USDC,eth,500,True,18,6,3061.575943,-196054,4383813826098846685462528,5783256724704132913,1043100350099399421575865700146264326261685,2147859778974625911913915626388470
2025-12-09,1765238400,408635726,0xc6962004f452be9203591991d15f6b388e09e8d0,ETH/USDC,eth,500,True,18,6,3124.859582,-195849,4428889421177643867439832,6212976985831422045,1043982440674439329105829845692155943269483,2150712128608257661467478550697113
2025-12-10,1765324800,408982122,0xc6962004f452be9203591991d15f6b388e09e8d0,ETH/USDC,eth,500,True,18,6,3320.189666,-195243,4565212844382652723101696,6096755961204109103,1044935890715092084640180934872814689365494,2154094299335161906116859007209254
2025-12-11,1765411200,409328474,0xc6962004f452be9203591991d15f6b388e09e8d0,ETH/USDC,eth,500,True,18,6,3324.450373,-195230,4568141110368646702749467,6209197326955877464,1046055273966239108580756503852232235083164,2157864096046892423040199613457628
2025-12-12,1765497600,409674990,0xc6962004f452be9203591991d15f6b388e09e8d0,ETH/USDC,eth,500,True,18,6,3237.181274,-195496,4507783955627642704733288,6060098983434600996,1047074378298977359882542138597094236091264,2161011212619529964754196084879511
2025-12-13,1765584000,410021114,0xc6962004f452be9203591991d15f6b388e09e8d0,ETH/USDC,eth,500,True,18,6,3085.261185,-195977,4400738385733567286556095,5609841978860387515,1047943290506377420657223778105293971701063,2163512571787807494220264412655720
2025-12-14,1765670400,410367002,0xc6962004f452be9203591991d15f6b388e09e8d0,ETH/USDC,eth,500,True,18,6,3115.372258,-195879,4422161078475129712478972,6083714841181874261,1048133228417897721322140521689217608134421,2164149065293533069250899654371592
2025-12-15,1765756800,410712470,0xc6962004f452be9203591991d15f6b388e09e8d0,ETH/USDC,eth,500,True,18,6,3063.077121,-196049,4384888449419141714018304,6985161860379888750,1048614246671247385984501598464133465096773,2165553381319606406716350561141213
2025-12-16,1765843200,411058750,0xc6962004f452be9203591991d15f6b388e09e8d0,ETH/USDC,eth,500,True,18,6,2964.615238,-196376,4313837207779497545653749,5096828646508905345,1049786017655338196035310352977881355784876,2168948225086237152491385734418097
2025-12-17,1765929600,411405050,0xc6962004f452be9203591991d15f6b388e09e8d0,ETH/USDC,eth,500,True,18,6,2962.869367,-196381,4312566804876792062382440,5946567923190580042,1050841359972265627397090441736321869101662,2172045964837767276673541731871811
2025-12-18,1766016000,411751138,0xc6962004f452be9203591991d15f6b388e09e8d0,ETH/USDC,eth,500,True,18,6,2832.944658,-196830,4216951722034473576837479,4838080864718204562,1052095594719277925036485532783835438942486,2175478782636363243358633689759904
2025-12-19,1766102400,412097366,0xc6962004f452be9203591991d15f6b388e09e8d0,ETH/USDC,eth,500,True,18,6,2827.103814,-196850,4212602314279221733480967,5140261316175546282,1053510393648701736099965067364787832176108,2179533604169088286058774074046566
2025-12-20,1766188800,412443226,0xc6962004f452be9203591991d15f6b388e09e8d0,ETH/USDC,eth,500,True,18,6,2978.128714,-196330,4323657817151191842975348,6179111584451217661,1054546835843844495635534650424895607171480,2182823756788577060028336990919955
2025-12-21,1766275200,412788858,0xc6962004f452be9203591991d15f6b388e09e8d0,ETH/USDC,eth,500,True,18,6,2977.012027,-196334,4322847135703777069236224,6332433247646517529,1054655709663178711151890264595324442888109,2183147067068095765779001886737944
2025-12-22,1766361600,413134558,0xc6962004f452be9203591991d15f6b388e09e8d0,ETH/USDC,eth,500,True,18,6,3002.659353,-196248,4341428133306476007507727,7227356135010277477,1054931016305774774474227711212037028689599,2184007191725254631599114310288415
2025-12-23,1766448000,413480922,0xc6962004f452be9203591991d15f6b388e09e8d0,ETH/USDC,eth,500,True,18,6,3007.237571,-196233,4344736606041598496604160,7643875974653886723,1055688237439240702839974273479273781904870,2186306818133385657393368257361730
2025-12-24,1766534400,413827466,0xc6962004f452be9203591991d15f6b388e09e8d0,ETH/USDC,eth,500,True,18,6,2964.204344,-196377,4313538249960526383686207,6644823551239639666,1056316584206038752416552116568259976250762,2188097812209209709098187263937310
2025-12-25,1766620800,414173974,0xc6962004f452be9203591991d15f6b388e09e8d0,ETH/USDC,eth,500,True,18,6,2946.097956,-196438,4300343776323941969495213,6647178974854129049,1056679881935884609536190013129270116675427,2189134430307129100113614525743101
2025-12-26,1766707200,414519426,0xc6962004f452be9203591991d15f6b388e09e8d0,ETH/USDC,eth,500,True,18,6,2903.006833,-196586,4268778423824336069591040,6325277682277195211,1056921971519593465205773066621818846247794,2189777932016410688141583064915743
2025-12-27,1766793600,414865086,0xc6962004f452be9203591991d15f6b388e09e8d0,ETH/USDC,eth,500,True,18,6,2926.582716,-196505,4286077162736489864386795,6720156806515870343,1057357914775158975505578235788187980637355,2191097661987502588047505910043483
2025-12-28,1766880000,415210434,0xc6962004f452be9203591991d15f6b388e09e8d0,ETH/USDC,eth,500,True,18,6,2947.86439,-196432,4301632791774795350933504,6821522721470867131,1057440170778219344065728657927294122344793,2191372304826488329503392926034948
2025-12-29,1766966400,415555874,0xc6962004f452be9203591991d15f6b388e09e8d0,ETH/USDC,eth,500,True,18,6,2949.046682,-196428,4302495327687380713022520,6896991098752335865,1057562440735579972108980856314785245463394,2191733641827474972831551890160789
2025-12-30,1767052800,415901818,0xc6962004f452be9203591991d15f6b388e09e8d0,ETH/USDC,eth,500,True,18,6,2935.491168,-196474,4292595567136941470750394,7099351765302552650,1058153528572188161093476460867154423531210,2193465356171661155048614697475118
2025-12-31,1767139200,416247978,0xc6962004f452be9203591991d15f6b388e09e8d0,ETH/USDC,eth,500,True,18,6,2971.528567,-196352,4318864100972816408147522,7299963688860497944,1058533466673688608422878800315484431543662,2194650085742933267553428922881317
2026-01-01,1767225600,416593978,0xc6962004f452be9203591991d15f6b388e09e8d0,ETH/USDC,eth,500,True,18,6,2968.160582,-196364,4316415867488449112767360,7400157517127648698,1058786771472073858063962843740191972347950,2195400780229239015712850781257208
2026-01-02,1767312000,416939526,0xc6962004f452be9203591991d15f6b388e09e8d0,ETH/USDC,eth,500,True,18,6,3000.991666,-196254,4340222343652454392031593,8004801467833429681,1058874073302998902468916522298330241948900,2195712555868547342206427932828914
2026-01-03,1767398400,417285398,0xc6962004f452be9203591991d15f6b388e09e8d0,ETH/USDC,eth,500,True,18,6,3123.833347,-195852,4428162115995237644227555,7858887669947314493,1059440422796555310671835495315706762630325,2197645657300043452663486847741989
2026-01-04,1767484800,417630986,0xc6962004f452be9203591991d15f6b388e09e8d0,ETH/USDC,eth,500,True,18,6,3125.55566,-195847,4429382672113579246151577,8061400835162360178,1059597051210275095978071674150702319447780,2198134723742209871060243345996976
2026-01-05,1767571200,417976670,0xc6962004f452be9203591991d15f6b388e09e8d0,ETH/USDC,eth,500,True,18,6,3144.293045,-195787,4442639680069040721563499,8101587338652072413,1059814134178416692966648580635918813819522,2198845285364725782275643322338243
2026-01-06,1767657600,418322874,0xc6962004f452be9203591991d15f6b388e09e8d0,ETH/USDC,eth,500,True,18,6,3227.084128,-195527,4500748313053719320019219,8345856851850597499,1060379330519038706966656821522394294766351,2200771645042355186532987377960207
2026-01-07,1767744000,418669018,0xc6962004f452be9203591991d15f6b388e09e8d0,ETH/USDC,eth,500,True,18,6,3296.976022,-195313,4549225638446368770208350,8130017314768062485,1060897445497933058385342173198179374751421,2202560497793640320941431199251970
2026-01-08,1767830400,419015258,0xc6962004f452be9203591991d15f6b388e09e8d0,ETH/USDC,eth,500,True,18,6,3166.89752,-195715,4458580258131650928061873,8541493799412411696,1061433343559509941687778077219532502583244,2204077287135925076486506246529353
2026-01-09,1767916800,419361462,0xc6962004f452be9203591991d15f6b388e09e8d0,ETH/USDC,eth,500,True,18,6,3105.237779,-195912,4414962451593842676203520,8452516884202339101,1061988062959014313368320882369688396700368,2205708211110915887027811614613267
2026-01-10,1768003200,419707342,0xc6962004f452be9203591991d15f6b388e09e8d0,ETH/USDC,eth,500,True,18,6,3083.902025,-195981,4399768942976921917038075,8629609430865324600,1062544324321742006360539096147082634737827,2207399000113487021385469307418596
2026-01-11,1768089600,420052430,0xc6962004f452be9203591991d15f6b388e09e8d0,ETH/USDC,eth,500,True,18,6,3083.605262,-195982,4399557243459353907749931,8952693739346400044,1062601760191729256166189922656703975404373,2207575831077720422298058010557662
2026-01-12,1768176000,420397310,0xc6962004f452be9203591991d15f6b388e09e8d0,ETH/USDC,eth,500,True,18,6,3118.641888,-195869,4424481032756321786807868,9090439633590131652,1062738375165144949062392599827376283857102,2208054585179854183447431855247090
2026-01-13,1768262400,420743234,0xc6962004f452be9203591991d15f6b388e09e8d0,ETH/USDC,eth,500,True,18,6,3092.007929,-195955,4405547450231767700735427,8917288025862928645,1063242965405977444635283265757593439656114,2209585532137363144810120628105769
2026-01-14,1768348800,421089010,0xc6962004f452be9203591991d15f6b388e09e8d0,ETH/USDC,eth,500,True,18,6,3323.643938,-195232,4567587014080191305525658,6713579616191968149,1063757179065135379412124389786577513026850,2211581607984237021614432274104203
2026-01-15,1768435200,421434842,0xc6962004f452be9203591991d15f6b388e09e8d0,ETH/USDC,eth,500,True,18,6,3355.778047,-195136,4589614385159636806325271,9185663052280087362,1064326426080770286097861606955120617079530,2213533453892492405169472455044131
2026-01-16,1768521600,421780438,0xc6962004f452be9203591991d15f6b388e09e8d0,ETH/USDC,eth,500,True,18,6,3317.911692,-195250,4563646484944353416199729,9714036708921905623,1064865081002363213677179399637225532777474,2215268611610308044947951823431403
2026-01-17,1768608000,422126026,0xc6962004f452be9203591991d15f6b388e09e8d0,ETH/USDC,eth,500,True,18,6,3295.883873,-195316,4548472092507152742737708,9420069279494753787,1065170668269131700952448246849113972420684,2216241806947514191126591518363494
2026-01-18,1768694400,422471106,0xc6962004f452be9203591991d15f6b388e09e8d0,ETH/USDC,eth,500,True,18,6,3308.466912,-195278,4557146408973950876255075,9487066639579327664,1065237169759415373951257821287790457474427,2216480401886368420301177722006074
2026-01-19,1768780800,422816138,0xc6962004f452be9203591991d15f6b388e09e8d0,ETH/USDC,eth,500,True,18,6,3283.402153,-195354,4539851247948336067262147,9303067190915810439,1065408060717992186430609656941952825199278,2217011322082137069616791408403856
2026-01-20,1768867200,423161918,0xc6962004f452be9203591991d15f6b388e09e8d0,ETH/USDC,eth,500,True,18,6,3186.971666,-195652,4472688830674136668831744,8967378358036304218,1065858939661766980480585776001926300679607,2218316479808448344668748846138662
2026-01-21,1768953600,423508098,0xc6962004f452be9203591991d15f6b388e09e8d0,ETH/USDC,eth,500,True,18,6,2936.261307,-196472,4293158621157447053184335,4803438324363162405,1066785239354240921021391335775124243058140,2220751478225306515546121608993739
2026-01-22,1769040000,423854142,0xc6962004f452be9203591991d15f6b388e09e8d0,ETH/USDC,eth,500,True,18,6,2979.693669,-196325,4324793671210650890387109,6929744427093196254,1067862967933671589918903311273178554842539,2224010343033380077514788136153486
2026-01-23,1769126400,424199654,0xc6962004f452be9203591991d15f6b388e09e8d0,ETH/USDC,eth,500,True,18,6,2949.740917,-196426,4303001722985323836589963,7673724583609202094,1068532989731530815318827341749085900648559,2225950074459046859743844643432891
2026-01-24,1769212800,424545350,0xc6962004f452be9203591991d15f6b388e09e8d0,ETH/USDC,eth,500,True,18,6,2953.598587,-196413,4305814535839345674698992,8086154185330579683,1069155680600501152335624513839026079040988,2227791191789972493438047892451816
2026-01-25,1769299200,424889466,0xc6962004f452be9203591991d15f6b388e09e8d0,ETH/USDC,eth,500,True,18,6,2950.372059,-196424,4303462044955305806554262,8229391747252040684,1069234496616773939604466845669144266274517,2228020314375854536209983755467035
2026-01-26,1769385600,425234846,0xc6962004f452be9203591991d15f6b388e09e8d0,ETH/USDC,eth,500,True,18,6,2815.841246,-196890,4204202894008105788069904,4353580359703374649,1069866455658765416156001320216660232061478,2229611598119012329269917552948683
2026-01-27,1769472000,425581374,0xc6962004f452be9203591991d15f6b388e09e8d0,ETH/USDC,eth,500,True,18,6,2928.519761,-196498,4287495361326085280877467,7927419454825369453,1070574211510555066480638102493620883840120,2231841370208140129375540003474440
2026-01-28,1769558400,425927718,0xc6962004f452be9203591991d15f6b388e09e8d0,ETH/USDC,eth,500,True,18,6,3023.838389,-196178,4356712200976634317037776,8964164384854505011,1071097172562953792850403588480717595836372,2233534504327309598970308158791430
2026-01-29,1769644800,426274074,0xc6962004f452be9203591991d15f6b388e09e8d0,ETH/USDC,eth,500,True,18,6,3005.950373,-196237,4343806660492579045376000,9415882015825204802,1071625768661853464258021555963965615491814,2235098387051137697514667597891807
2026-01-30,1769731200,426620834,0xc6962004f452be9203591991d15f6b388e09e8d0,ETH/USDC,eth,500,True,18,6,2820.010053,-196876,4207313869337397821471638,6811593758853510614,1072589743952048983040441698016067551127606,2237556922174818002797942488682284
2026-01-31,1769817600,426968126,0xc6962004f452be9203591991d15f6b388e09e8d0,ETH/USDC,eth,500,True,18,6,2703.194465,-197299,4119250740742771555458032,6096941412257300566,1074448986009159094597880751799086181314025,2242427850493027306181669047713995
2026-02-01,1769904000,427315178,0xc6962004f452be9203591991d15f6b388e09e8d0,ETH/USDC,eth,500,True,18,6,2449.956348,-198282,3921559032533140837520586,3047126699179884096,1078388392244346913482562192638658809998871,2251618580477870020977467867855190
2026-02-02,1769990400,427661758,0xc6962004f452be9203591991d15f6b388e09e8d0,ETH/USDC,eth,500,True,18,6,2267.651208,-199056,3772834124510361026422216,1312280560599776025,1081179184721390872610628493511452246423595,2257813447990247937910846770580910
2026-02-03,1770076800,428008642,0xc6962004f452be9203591991d15f6b388e09e8d0,ETH/USDC,eth,500,True,18,6,2344.51516,-198722,3836242977106225582010320,2701693598516675405,1085504091854080859565137878578125956945400,2267759376244862793990907973119250
2026-02-04,1770163200,428355962,0xc6962004f452be9203591991d15f6b388e09e8d0,ETH/USDC,eth,500,True,18,6,2231.143967,-199218,3742341201250574854520832,2434503760617825784,1089061712312676858483469668961441744762333,2275552322899274590909470794755591
2026-02-05,1770249600,428703306,0xc6962004f452be9203591991d15f6b388e09e8d0,ETH/USDC,eth,500,True,18,6,2143.534454,-199619,3668130837494660000000000,2752385005904716557,1092849892587262328198625539451830432875266,2283601066284292799662618028820924
2026-02-06,1770336000,429051414,0xc6962004f452be9203591991d15f6b388e09e8d0,ETH/USDC,eth,500,True,18,6,1823.938075,-201233,3383643725058403180852094,953740892055732657,1102220793045542883993315501942899915325354,2301518866592005746941917534698739
2026-02-07,1770422400,429398898,0xc6962004f452be9203591991d15f6b388e09e8d0,ETH/USDC,eth,500,True,18,6,2062.433171,-200004,3598069320624578573243324,1948277706466757166,1108886233547044948319327171677408381299281,2314673450908747943679298580280534
2026-02-08,1770508800,429745590,0xc6962004f452be9203591991d15f6b388e09e8d0,ETH/USDC,eth,500,True,18,6,2086.861336,-199887,3619314978428330037320145,2212645548315352891,1112672028546384494780361564331967712455094,2322508970893246539168722334346252
2026-02-09,1770595200,430092170,0xc6962004f452be9203591991d15f6b388e09e8d0,ETH/USDC,eth,500,True,18,6,2089.010323,-199876,3621178029901770878091264,2359169670502191055,1113917111733900252302175149166383260948185,2325133421170786555358617912242832
2026-02-10,1770681600,430439002,0xc6962004f452be9203591991d15f6b388e09e8d0,ETH/USDC,eth,500,True,18,6,2103.468977,-199807,3633688039137680216293376,2493885203209691238,1115749420503927648165478646272103146351014,2328966086779934934919465686823578
2026-02-11,1770768000,430785914,0xc6962004f452be9203591991d15f6b388e09e8d0,ETH/USDC,eth,500,True,18,6,2021.256291,-200206,3561970153355962675625984,2656858464188253514,1117264859930910328230904420630186930217628,2331887303254466606878818494719485
2026-02-12,1770854400,431133062,0xc6962004f452be9203591991d15f6b388e09e8d0,ETH/USDC,eth,500,True,18,6,1940.555774,-200613,3490138394685384595341312,2797753869714181164,1119460683894156994590705022648983795706669,2336023658232324000066551785819822
2026-02-13,1770940800,431480118,0xc6962004f452be9203591991d15f6b388e09e8d0,ETH/USDC,eth,500,True,18,6,1946.774965,-200581,3495726606818187365318656,3126482728823166143,1120972599620590646552867296298246231340155,2338979298207179409582438976966468
2026-02-14,1771027200,431826894,0xc6962004f452be9203591991d15f6b388e09e8d0,ETH/USDC,eth,500,True,18,6,2048.120942,-200074,3585563208514991260958758,3184793635162052696,1122065019402504546440327143788544531566297,2341354678341975565612423819774927
2026-02-15,1771113600,432173230,0xc6962004f452be9203591991d15f6b388e09e8d0,ETH/USDC,eth,500,True,18,6,2085.696138,-199892,3618304415984071668137984,3421780348930239122,1122496933541324302895708444852768158100750,2342322796426198411547930904755212
2026-02-16,1771200000,432520058,0xc6962004f452be9203591991d15f6b388e09e8d0,ETH/USDC,eth,500,True,18,6,1965.528402,-200486,3512523557918181326585856,3511904911657425117,1123905500343178620418110726024003613111210,2344933258153726860355178625696572
2026-02-17,1771286400,432866626,0xc6962004f452be9203591991d15f6b388e09e8d0,ETH/USDC,eth,500,True,18,6,1997.40094,-200325,3540888152387740204566315,2978135056987656924,1124885614073872604610891401790109461034819,2346928990305663567859712613743359
2026-02-18,1771372800,433213242,0xc6962004f452be9203591991d15f6b388e09e8d0,ETH/USDC,eth,500,True,18,6,1991.429211,-200355,3535591005614000822026240,3117289737645739777,1125968520048471432601261198560483317098951,2349061605279631727602948142439097
2026-02-19,1771459200,433559874,0xc6962004f452be9203591991d15f6b388e09e8d0,ETH/USDC,eth,500,True,18,6,1954.967141,-200539,3503074026324886653239296,3798457523956529884,1126930767254936525498313526074904477511336,2350891636961503826910580395809018
2026-02-20,1771545600,433906538,0xc6962004f452be9203591991d15f6b388e09e8d0,ETH/USDC,eth,500,True,18,6,1947.687312,-200577,3496545638899718861217104,3872857994810324878,1127838074822559720295437774677612126177326,2352638585134468045207025659866774
2026-02-21,1771632000,434253082,0xc6962004f452be9203591991d15f6b388e09e8d0,ETH/USDC,eth,500,True,18,6,1968.179177,-200472,3514891310719661132647258,4130406876858161653,1128757067059391669935483683845688841941861,2354475995324820189018138714739835
2026-02-22,1771718400,434599362,0xc6962004f452be9203591991d15f6b388e09e8d0,ETH/USDC,eth,500,True,18,6,1973.77487,-200444,3519884325095145577543397,4218696921256491840,1128998800710758941961930849453657647186859,2354965021296839115899334705354571
2026-02-23,1771804800,434945846,0xc6962004f452be9203591991d15f6b388e09e8d0,ETH/USDC,eth,500,True,18,6,1957.863231,-200525,3505667794763184224920690,4158745474218693873,1129247276866718541295932961455040969664109,2355421181687339934380207737282017
2026-02-24,1771891200,435292646,0xc6962004f452be9203591991d15f6b388e09e8d0,ETH/USDC,eth,500,True,18,6,1855.718337,-201060,3412994695414596587487232,2444779850184635369,1130677875501000493780697320340453691932481,2357917979390634035185807979274752
2026-02-25,1771977600,435639342,0xc6962004f452be9203591991d15f6b388e09e8d0,ETH/USDC,eth,500,True,18,6,1852.312067,-201079,3409860890599570531100095,3191070272175404858,1131984575612888906763006642135269027782775,2360311840669427185158767870753876
2026-02-26,1772064000,435985790,0xc6962004f452be9203591991d15f6b388e09e8d0,ETH/USDC,eth,500,True,18,6,2057.278065,-200029,3593569772536627583778816,3174713593311294289,1133620440428416214674784163406343484900269,2363985388501385142527892089971532
2026-02-27,1772150400,436332186,0xc6962004f452be9203591991d15f6b388e09e8d0,ETH/USDC,eth,500,True,18,6,2027.568712,-200175,3567527866644356015155892,3473502472303807083,1134956950982787074487441176200871939183470,2366654108556654108502475306949857
2026-02-28,1772236800,436678610,0xc6962004f452be9203591991d15f6b388e09e8d0,ETH/USDC,eth,500,True,18,6,1929.652433,-200670,3480319616524611426975779,3740566029093912825,1136215698946876591866803980617759992291304,2368946497150075249877184826522301
2026-03-01,1772323200,437025054,0xc6962004f452be9203591991d15f6b388e09e8d0,ETH/USDC,eth,500,True,18,6,1964.612405,-200490,3511704989820383609475892,3966526254240629429,1137880930919302737985393421292113560259994,2372177059155519643008575907459807
2026-03-02,1772409600,437371246,0xc6962004f452be9203591991d15f6b388e09e8d0,ETH/USDC,eth,500,True,18,6,1939.034143,-200621,3488769780604989559799808,3812838672826882175,1139689166895400446779605537899228853471532,2375715213276578607706771490227611
2026-03-03,1772496000,437717782,0xc6962004f452be9203591991d15f6b388e09e8d0,ETH/USDC,eth,500,True,18,6,2026.735338,-200179,3566794626850302779185378,3452088046850796843,1141602460258070424258258190781114610310338,2379700098734577241428197161807527
2026-03-04,1772582400,438064198,0xc6962004f452be9203591991d15f6b388e09e8d0,ETH/USDC,eth,500,True,18,6,1982.249787,-200401,3527433000846520630640761,3595558391132596776,1143425752174787587696896949777089967743343,2383221949855837531277086636324548
2026-03-05,1772668800,438410774,0xc6962004f452be9203591991d15f6b388e09e8d0,ETH/USDC,eth,500,True,18,6,2128.116307,-199691,3654914850393852511419484,3321746721377403948,1145376421004859079522010521943988084378985,2387555253092003469292913551029602
2026-03-06,1772755200,438757406,0xc6962004f452be9203591991d15f6b388e09e8d0,ETH/USDC,eth,500,True,18,6,2072.538034,-199955,3606872896589454600000000,3610372722005182674,1146805462652039052953999750321687371875553,2390461588133944089105804183866873
2026-03-07,1772841600,439103738,0xc6962004f452be9203591991d15f6b388e09e8d0,ETH/USDC,eth,500,True,18,6,1978.270237,-200421,3523890398361435123364898,3489208515951349532,1147778718687076986477872911501647894050587,2392304787964081424311452039366458
2026-03-08,1772928000,439449718,0xc6962004f452be9203591991d15f6b388e09e8d0,ETH/USDC,eth,500,True,18,6,1969.725226,-200464,3516271552566255177607244,4328531225631212133,1148037159677453970110831250533241234788902,2392803055764731903762257829362623
2026-03-09,1773014400,439795394,0xc6962004f452be9203591991d15f6b388e09e8d0,ETH/USDC,eth,500,True,18,6,1936.78199,-200633,3486743120855151761424384,4054778142574633266,1148685926731786240767667550271327994702651,2394017796892179603674869031055208
2026-03-10,1773100800,440141430,0xc6962004f452be9203591991d15f6b388e09e8d0,ETH/USDC,eth,500,True,18,6,1993.671275,-200343,3537580729755848335687680,3864539384107697813,1149784561289223896489656300640191371529666,2396296653362461030129720024988323
2026-03-11,1773187200,440486590,0xc6962004f452be9203591991d15f6b388e09e8d0,ETH/USDC,eth,500,True,18,6,2036.67396,-200130,3575529282383192301331022,4036273213418846006,1150697434594462151524721186258380806707018,2398227649043291953779347572577405
2026-03-12,1773273600,440831474,0xc6962004f452be9203591991d15f6b388e09e8d0,ETH/USDC,eth,500,True,18,6,2051.54179,-200057,3588556329765647200149720,4088567826389570072,1151423008957984307082288699857094150753193,2399735121069573866134034481819518
2026-03-13,1773360000,441177274,0xc6962004f452be9203591991d15f6b388e09e8d0,ETH/USDC,eth,500,True,18,6,2073.260767,-199952,3607501733902939900285458,4980328264368792239,1152089933572721249522864127376917031585013,2401138829431565425679224327190838
2026-03-14,1773446400,441522238,0xc6962004f452be9203591991d15f6b388e09e8d0,ETH/USDC,eth,500,True,18,6,2092.481253,-199860,3624185108847634000000000,4326471748093978744,1153091595302896223258687926879610943359323,2403302820479103560723948423588021
2026-03-15,1773532800,441867906,0xc6962004f452be9203591991d15f6b388e09e8d0,ETH/USDC,eth,500,True,18,6,2096.92549,-199838,3628031785308023838197543,4416881623929459275,1153265722993020128941625953183295373112571,2403671864534174227449286555415622
2026-03-16,1773619200,442210974,0xc6962004f452be9203591991d15f6b388e09e8d0,ETH/USDC,eth,500,True,18,6,2178.253757,-199458,3697718274752257154088960,3671628949295047572,1153657452514431472204961472990355174908915,2404619296886880159971322214950711
2026-03-17,1773705600,442556054,0xc6962004f452be9203591991d15f6b388e09e8d0,ETH/USDC,eth,500,True,18,6,2351.978573,-198691,3842344177752376733746553,3261388146524801379,1154738021695508922176081165305213773152498,2407319059072195311062217896950376
2026-03-18,1773792000,442900170,0xc6962004f452be9203591991d15f6b388e09e8d0,ETH/USDC,eth,500,True,18,6,2318.399832,-198834,3814817375771086431247547,3993901812980235329,1155548820680695876328256989170875236941859,2409166897479468070511229346950279
2026-03-19,1773878400,443246162,0xc6962004f452be9203591991d15f6b388e09e8d0,ETH/USDC,eth,500,True,18,6,2204.183514,-199340,3719661833914034446925824,4076170826097271472,1156338744635837092776375698241579224817659,2410776755395488574435560344973567
2026-03-20,1773964800,443592318,0xc6962004f452be9203591991d15f6b388e09e8d0,ETH/USDC,eth,500,True,18,6,2138.014673,-199644,3663404921137353152219432,4025624718388502176,1157230758168303767298357135237010208366235,2412604486087808998998751479806706
2026-03-21,1774051200,443938206,0xc6962004f452be9203591991d15f6b388e09e8d0,ETH/USDC,eth,500,True,18,6,2145.808709,-199608,3670076235019649001311735,5190887737670815425,1157879385886250783199215823823557942178273,2414003123935911318543914653457188
2026-03-22,1774137600,444283790,0xc6962004f452be9203591991d15f6b388e09e8d0,ETH/USDC,eth,500,True,18,6,2084.548855,-199898,3617309114915050226846945,3730072569864426402,1158102084432863674432793822251603237664890,2414391623854378703641808077778484
2026-03-23,1774224000,444629630,0xc6962004f452be9203591991d15f6b388e09e8d0,ETH/USDC,eth,500,True,18,6,2053.295881,-200049,3590090129478644610207052,3933325631842606790,1158754718991063045026528612594214267101628,2415701715678937373508304660506394
2026-03-24,1774310400,444975138,0xc6962004f452be9203591991d15f6b388e09e8d0,ETH/USDC,eth,500,True,18,6,2151.620842,-199581,3675043254520561050438397,4676807661747844733,1160115295450497532544425806113051775976342,2418731367653577333505859366797894
2026-03-25,1774396800,445321082,0xc6962004f452be9203591991d15f6b388e09e8d0,ETH/USDC,eth,500,True,18,6,2156.432143,-199559,3679149894974257934140607,4984174478219949278,1160778767418180605875710119556312056344066,2420157895471978574337949945779332
2026-03-26,1774483200,445667146,0xc6962004f452be9203591991d15f6b388e09e8d0,ETH/USDC,eth,500,True,18,6,2168.689563,-199502,3689591443033952846313121,5154309314983806738,1161243227387424832759501713721514795863661,2421184106823910282592271177693961
2026-03-27,1774569600,446013506,0xc6962004f452be9203591991d15f6b388e09e8d0,ETH/USDC,eth,500,True,18,6,2059.87105,-200017,3595833720249119729708537,4573135047163857262,1161843166403132750734037626029147767323683,2422285096239418361125570117107816
2026-03-28,1774656000,446359394,0xc6962004f452be9203591991d15f6b388e09e8d0,ETH/USDC,eth,500,True,18,6,1991.806411,-200353,3535925830859560982203760,4443363983635853899,1162450506161423836688632647228552976394904,2423409341719997649907593734532266
2026-03-29,1774742400,446704038,0xc6962004f452be9203591991d15f6b388e09e8d0,ETH/USDC,eth,500,True,18,6,1993.564095,-200344,3537485638194197753515105,4529683985850962496,1162698627789303796123792074243733170913489,2423911373875537791956293171981969
2026-03-30,1774828800,447047562,0xc6962004f452be9203591991d15f6b388e09e8d0,ETH/USDC,eth,500,True,18,6,1983.25737,-200396,3528329389164096504463360,4534334581574347797,1163059515102330402581727639675994942942437,2424613720511360186383472927116237
2026-03-31,1774915200,447391702,0xc6962004f452be9203591991d15f6b388e09e8d0,ETH/USDC,eth,500,True,18,6,2024.597982,-200189,3564913393763205702487791,5097747028634000301,1163739743154658632662864523860217791668006,2426062252064295957022890475025938
2026-04-01,1775001600,447736930,0xc6962004f452be9203591991d15f6b388e09e8d0,ETH/USDC,eth,500,True,18,6,2104.869274,-199801,3634897326212493949852805,5062841068152448290,1164622057714147692303987827782107755331404,2428001200252975813268530816929242
2026-04-02,1775088000,448082130,0xc6962004f452be9203591991d15f6b388e09e8d0,ETH/USDC,eth,500,True,18,6,2139.618298,-199637,3664778538012185072762880,5122785233400613901,1165222901445991213627700417137228561197226,2429328671884833810444442230539750
2026-04-03,1775174400,448427182,0xc6962004f452be9203591991d15f6b388e09e8d0,ETH/USDC,eth,500,True,18,6,2056.777339,-200032,3593132422346444219936536,5240583738042323318,1165984056717718262587874992737011589143370,2430790965789627818926694908651997
2026-04-04,1775260800,448772382,0xc6962004f452be9203591991d15f6b388e09e8d0,ETH/USDC,eth,500,True,18,6,2052.998265,-200050,3589829936548572408465250,5405439023451553022,1166237734947058753920376213298547532355083,2431307187000491704962821004731188
2026-04-05,1775347200,449117138,0xc6962004f452be9203591991d15f6b388e09e8d0,ETH/USDC,eth,500,True,18,6,2065.215689,-199991,3600495658155460727406592,5676774322352398328,1166324917733324437075545505704544937971684,2431503899880898853898494580398297
2026-04-06,1775433600,449462038,0xc6962004f452be9203591991d15f6b388e09e8d0,ETH/USDC,eth,500,True,18,6,2109.300711,-199780,3638721637017350606869384,5156145284686757998,1166607468627498174518513109482759700308297,2432148781396751018906634572278118
2026-04-07,1775520000,449808094,0xc6962004f452be9203591991d15f6b388e09e8d0,ETH/USDC,eth,500,True,18,6,2107.494305,-199788,3637163201994923073077248,5148833028109071252,1167185038273295897683580666716968424241632,2433381203821649334880623839967016
2026-04-08,1775606400,450154334,0xc6962004f452be9203591991d15f6b388e09e8d0,ETH/USDC,eth,500,True,18,6,2240.895475,-199174,3750510481782977136164864,3997863546911450901,1168007789393899096397510922353731626380278,2435321339523909475995679626819982
2026-04-09,1775692800,450500254,0xc6962004f452be9203591991d15f6b388e09e8d0,ETH/USDC,eth,500,True,18,6,2190.330882,-199403,3707954932282791757033243,5280185301568703483,1168590511175285055118651443503125318700817,2436551539018387962226581174601022
2026-04-10,1775779200,450845846,0xc6962004f452be9203591991d15f6b388e09e8d0,ETH/USDC,eth,500,True,18,6,2189.871859,-199405,3707566377877630318804992,5373397402590656057,1169130883805641553413036620020723749022207,2437738301648943060779582657541731
2026-04-11,1775865600,451191254,0xc6962004f452be9203591991d15f6b388e09e8d0,ETH/USDC,eth,500,True,18,6,2245.217199,-199155,3754125301210364692694916,5922700616601688823,1169535276846952928654090050150327119146782,2438712389584916490903092713427065
2026-04-12,1775952000,451536686,0xc6962004f452be9203591991d15f6b388e09e8d0,ETH/USDC,eth,500,True,18,6,2285.963479,-198975,3788037132813357131594620,4869016541219244758,1169825837051930870634623776881387756780171,2439429479008297418850168546572992
2026-04-13,1776038400,451881922,0xc6962004f452be9203591991d15f6b388e09e8d0,ETH/USDC,eth,500,True,18,6,2192.535264,-199393,3709820333683907943676033,5548641799037964741,1170270082974417416734618370306446289477227,2440287135841131288372202781863116
2026-04-14,1776124800,452226370,0xc6962004f452be9203591991d15f6b388e09e8d0,ETH/USDC,eth,500,True,18,6,2370.967386,-198610,3857823672818203279491072,3616682098838792200,1170875392760391819469260445578788301601263,2441890200708550971790654328241699
2026-04-15,1776211200,452570618,0xc6962004f452be9203591991d15f6b388e09e8d0,ETH/USDC,eth,500,True,18,6,2323.24921,-198813,3818805002467501946309280,4759407041050571464,1171445887552257104176239610898492524983923,2443173690915351788424126409486817
2026-04-16,1776297600,452915362,0xc6962004f452be9203591991d15f6b388e09e8d0,ETH/USDC,eth,500,True,18,6,2360.469999,-198654,3849274000380168712642101,5276196929335345119,1171868512170828648349259047853746192301200,2444212201761451984749678202486134
2026-04-17,1776384000,453260210,0xc6962004f452be9203591991d15f6b388e09e8d0,ETH/USDC,eth,500,True,18,6,2348.608324,-198705,3839590263171155032277375,4942712233153182045,1172356209602326113915209611991260096770411,2445335538672808917711830529473969
2026-04-18,1776470400,453604418,0xc6962004f452be9203591991d15f6b388e09e8d0,ETH/USDC,eth,500,True,18,6,2420.994479,-198401,3898310998698619360509952,4557378289792093429,1172977385784311934448577876211812718106086,2446923202939524771591677954770850
2026-04-19,1776556800,453948906,0xc6962004f452be9203591991d15f6b388e09e8d0,ETH/USDC,eth,500,True,18,6,2351.874523,-198691,3842259185532365748153663,5162443649134268533,1173277373376904688594102995173415873079436,2447546028846440248433783130322990
2026-04-20,1776643200,454293298,0xc6962004f452be9203591991d15f6b388e09e8d0,ETH/USDC,eth,500,True,18,6,2264.561921,-199069,3770263328381670696163213,4404302781860115332,1173765308364216116719491560142563130941499,2448555597769766847730678080292938
2026-04-21,1776729600,454635278,0xc6962004f452be9203591991d15f6b388e09e8d0,ETH/USDC,eth,500,True,18,6,2315.517424,-198847,3812445205093850679944237,5170984470913373038,1174325368172864815161227218594534754009785,2449947565742205815157448602476146
2026-04-22,1776816000,454979354,0xc6962004f452be9203591991d15f6b388e09e8d0,ETH/USDC,eth,500,True,18,6,2328.352823,-198791,3822997194474732660981760,5367274231432624554,1174819368879021271876713802550939485553040,2451107215833662470540662189708377
2026-04-23,1776902400,455325278,0xc6962004f452be9203591991d15f6b388e09e8d0,ETH/USDC,eth,500,True,18,6,2376.130542,-198588,3862021898722043453340104,5296663522640993493,1175301441985655971010488203954156845946860,2452321727861926315463611120238763
2026-04-24,1776988800,455671370,0xc6962004f452be9203591991d15f6b388e09e8d0,ETH/USDC,eth,500,True,18,6,2331.774238,-198777,3825805028185308649226240,6133302975755076183,1175791001834826355323111580696655432183087,2453406038598131161696461049582072
2026-04-25,1777075200,456015522,0xc6962004f452be9203591991d15f6b388e09e8d0,ETH/USDC,eth,500,True,18,6,2316.150558,-198844,3812966389752134376703938,5876072486487866136,1176066957122401366915426476645983747218604,2454025309366379249027943435953022
2026-04-26,1777161600,456359226,0xc6962004f452be9203591991d15f6b388e09e8d0,ETH/USDC,eth,500,True,18,6,2319.619845,-198829,3815820980009805006628754,6130345248105681371,1176121920159614020736879163949786853169600,2454157106373869405154330881759900
2026-04-27,1777248000,456704762,0xc6962004f452be9203591991d15f6b388e09e8d0,ETH/USDC,eth,500,True,18,6,2370.176106,-198613,3857179869444419371036268,5719774539135479917,1176289164255836970708824724582868945016313,2454617200789016132637220167479948
2026-04-28,1777334400,457050478,0xc6962004f452be9203591991d15f6b388e09e8d0,ETH/USDC,eth,500,True,18,6,2303.894045,-198897,3802864356096587679994081,6403613358706075933,1176662405509607628688733406363925450390028,2455398380988684789653941905497826
2026-04-29,1777420800,457395098,0xc6962004f452be9203591991d15f6b388e09e8d0,ETH/USDC,eth,500,True,18,6,2289.093308,-198962,3790629443596657531289600,5809068791058082526,1176899866605084861889102879943395442026396,2455920693023573418657222291104934
2026-04-30,1777507200,457740234,0xc6962004f452be9203591991d15f6b388e09e8d0,ETH/USDC,eth,500,True,18,6,2253.276098,-199119,3760856724468717949176246,5219161547415385059,1177343926080927729086377462068531077966566,2456883950456052530636061213107688
2026-05-01,1777593600,458085626,0xc6962004f452be9203591991d15f6b388e09e8d0,ETH/USDC,eth,500,True,18,6,2257.474376,-199101,3764358687252783746713629,5371145382130086823,1177627128303123212031367940712887870285931,2457529032764815880931842287879144
2026-05-02,1777680000,458429598,0xc6962004f452be9203591991d15f6b388e09e8d0,ETH/USDC,eth,500,True,18,6,2295.380841,-198934,3795831801264017755129889,6009982057211357385,1177853802753994135158153592685949232253190,2458100447253344190238990907598140
2026-05-03,1777766400,458770942,0xc6962004f452be9203591991d15f6b388e09e8d0,ETH/USDC,eth,500,True,18,6,2316.490247,-198843,3813245985692980719418927,6180873086945523569,1177929165262689307205595908569002156949112,2458302919176700704154123076959632
2026-05-04,1777852800,459112762,0xc6962004f452be9203591991d15f6b388e09e8d0,ETH/USDC,eth,500,True,18,6,2322.690072,-198816,3818345437806318992752640,6272456526071482649,1178101772881474177610898425028852046536934,2458712759228361724157566154976852
2026-05-05,1777939200,459457682,0xc6962004f452be9203591991d15f6b388e09e8d0,ETH/USDC,eth,500,True,18,6,2346.727161,-198713,3838052257548319691321894,5988128287431883210,1178622033103549586875702185458545702734936,2459968665143834405679571104602103
2026-05-06,1778025600,459802190,0xc6962004f452be9203591991d15f6b388e09e8d0,ETH/USDC,eth,500,True,18,6,2361.700188,-198649,3850276918237222051808974,6084121676610790157,1178901247261848757174433769821946180655426,2460651987506152968829483565314337
2026-05-07,1778112000,460146890,0xc6962004f452be9203591991d15f6b388e09e8d0,ETH/USDC,eth,500,True,18,6,2350.420389,-198697,3841071192265225927137390,6254494185484133448,1179236176456674999482820736685889333271339,2461432679289738054925413124579451
2026-05-08,1778198400,460491242,0xc6962004f452be9203591991d15f6b388e09e8d0,ETH/USDC,eth,500,True,18,6,2291.637298,-198950,3792735221489868053191388,7394959185775581729,1179551731787632509496018128757372120474145,2462084413258557170710780848869204
2026-05-09,1778284800,460836218,0xc6962004f452be9203591991d15f6b388e09e8d0,ETH/USDC,eth,500,True,18,6,2306.398959,-198886,3804931130247688882617164,8134651700549254723,1179789543357805028178478276248811649604859,2462648522204394873431486132395812
2026-05-10,1778371200,461180250,0xc6962004f452be9203591991d15f6b388e09e8d0,ETH/USDC,eth,500,True,18,6,2327.144928,-198797,3822005424838070833011266,6533093706383712434,1179871587121597056001896852918188866156216,2462866293993958998512172450762907
2026-05-11,1778457600,461525318,0xc6962004f452be9203591991d15f6b388e09e8d0,ETH/USDC,eth,500,True,18,6,2370.534977,-198612,3857471868437254065761730,6253460228401786726,1180091272533930070464317680428980287445792,2463438901263452952584286575087072
2026-05-12,1778544000,461870006,0xc6962004f452be9203591991d15f6b388e09e8d0,ETH/USDC,eth,500,True,18,6,2340.4289,-198740,3832898421746943750635788,6406161174172878884,1180354785874808273237897629066711854280145,2464015312144178190610215187495407
2026-05-13,1778630400,462214506,0xc6962004f452be9203591991d15f6b388e09e8d0,ETH/USDC,eth,500,True,18,6,2275.100586,-199023,3779026043465768653180481,6389775503213935461,1180638315237793744630101464079214859654061,2464577366542465481955449632137129
2026-05-14,1778716800,462559766,0xc6962004f452be9203591991d15f6b388e09e8d0,ETH/USDC,eth,500,True,18,6,2257.931262,-199099,3764739598008817326587257,6367751286043222963,1180899544208387816995224812259113194344850,2465148821645880732040426908820916
2026-05-15,1778803200,462905418,0xc6962004f452be9203591991d15f6b388e09e8d0,ETH/USDC,eth,500,True,18,6,2282.521851,-198990,3785184522917382058934272,6501144830515125801,1181187576199547629648200319946778476755113,2465837899606190643881218850285107
2026-05-16,1778889600,463250474,0xc6962004f452be9203591991d15f6b388e09e8d0,ETH/USDC,eth,500,True,18,6,2224.355889,-199248,3736643976985136651124300,7100360765710580772,1181541576720067149524226416304518734121599,2466553700480772713689268318543450
2026-05-17,1778976000,463592950,0xc6962004f452be9203591991d15f6b388e09e8d0,ETH/USDC,eth,500,True,18,6,2180.350908,-199448,3699497867322278157250896,5176793937073367747,1181749903330056464279661871201177218982810,2466949412168223852836193158576289
2026-05-18,1779062400,463936218,0xc6962004f452be9203591991d15f6b388e09e8d0,ETH/USDC,eth,500,True,18,6,2130.399056,-199680,3656874568506790689401720,3921895040770152152,1182027533835879417573695516006527141502888,2467479859580685733991967625224152
2026-05-19,1779148800,464280522,0xc6962004f452be9203591991d15f6b388e09e8d0,ETH/USDC,eth,500,True,18,6,2128.663424,-199688,3655384640862063209480192,4638295890025636097,1182606201075101274393261180738488546454465,2468701337892197868949002570248853
2026-05-20,1779235200,464624918,0xc6962004f452be9203591991d15f6b388e09e8d0,ETH/USDC,eth,500,True,18,6,2111.01322,-199771,3640198448500540737852020,4436165411024194337,1182916980837013587075404345660308125132244,2469335214665727335498754822551440
2026-05-21,1779321600,464970030,0xc6962004f452be9203591991d15f6b388e09e8d0,ETH/USDC,eth,500,True,18,6,2127.952912,-199692,3654774537460760184462408,4781603140801223341,1183183347079565213453344596995160485677601,2469925074067616219189321031882087
2026-05-22,1779408000,465314318,0xc6962004f452be9203591991d15f6b388e09e8d0,ETH/USDC,eth,500,True,18,6,2132.548343,-199670,3658718751878692000000000,4991540523870461917,1183473256157790926164346282740976959584130,2470548770544313818424721128679888
2026-05-23,1779494400,465658298,0xc6962004f452be9203591991d15f6b388e09e8d0,ETH/USDC,eth,500,True,18,6,2064.692481,-199993,3600039549033749517735756,3594430828078016658,1183812075323953847475133428404508169222001,2471165592651114892940500818611899
2026-05-24,1779580800,466001214,0xc6962004f452be9203591991d15f6b388e09e8d0,ETH/USDC,eth,500,True,18,6,2116.461007,-199746,3644892461974183821180928,4654968826084109431,1184254757160967347854974395599354776384564,2472155446326031957271440311963579
2026-05-25,1779667200,466343170,0xc6962004f452be9203591991d15f6b388e09e8d0,ETH/USDC,eth,500,True,18,6,2098.450097,-199831,3629350457938226674472583,4497351673746703999,1184542545052187816477944243343782492276195,2472733964266178235279053459350834
2026-05-26,1779753600,466684010,0xc6962004f452be9203591991d15f6b388e09e8d0,ETH/USDC,eth,500,True,18,6,2111.726558,-199768,3640813431637533305864192,4765269429632459626,1184745390253210856565071770541139144029054,2473180866587705055993465749140562
2026-05-27,1779840000,467028022,0xc6962004f452be9203591991d15f6b388e09e8d0,ETH/USDC,eth,500,True,18,6,2071.500408,-199960,3605969884338079514662044,4301604161334188483,1185155232414365456936994569574825193859495,2473983678817857740717208825408897
2026-05-28,1779926400,467372638,0xc6962004f452be9203591991d15f6b388e09e8d0,ETH/USDC,eth,500,True,18,6,2022.587888,-200199,3563143267219675591083032,3531593509287502872,1185621319296650894504596964472267554971612,2474872478142195439435058353323028
2026-05-29,1780012800,467717658,0xc6962004f452be9203591991d15f6b388e09e8d0,ETH/USDC,eth,500,True,18,6,2007.747749,-200273,3550047447060407075359554,4259727963668798789,1186189509474003915454887463642578351420959,2475983376639817804273608510790717
2026-05-30,1780099200,468062302,0xc6962004f452be9203591991d15f6b388e09e8d0,ETH/USDC,eth,500,True,18,6,2012.389994,-200250,3554149226027933274940889,4411999514542178247,1186582915833680782374510723957340138797446,2476782013054112597268933095653968
2026-05-31,1780185600,468405534,0xc6962004f452be9203591991d15f6b388e09e8d0,ETH/USDC,eth,500,True,18,6,2019.820364,-200213,3560704693575052611813376,4583030011353862683,1186687610005066345055899227424464432123680,2477003839499839721124026269722316
2026-06-01,1780272000,468748170,0xc6962004f452be9203591991d15f6b388e09e8d0,ETH/USDC,eth,500,True,18,6,2004.710946,-200288,3547361633391637680347167,4568393699515004624,1186870684276465435630938349726615488019401,2477350798078062260785685499089589
2026-06-02,1780358400,469092990,0xc6962004f452be9203591991d15f6b388e09e8d0,ETH/USDC,eth,500,True,18,6,2004.008915,-200292,3546740452791070074783142,4642017715081243262,1187406028342609005339713214890957473113091,2478412005552671054112617222419960
2026-06-03,1780444800,469438478,0xc6962004f452be9203591991d15f6b388e09e8d0,ETH/USDC,eth,500,True,18,6,1858.027362,-201048,3415117388952413443139276,1837919039789691069,1188480141046859383400094007627959103647083,2480265049896496115533011800316084
2026-06-04,1780531200,469784142,0xc6962004f452be9203591991d15f6b388e09e8d0,ETH/USDC,eth,500,True,18,6,1811.40063,-201302,3371994370631337139765248,2911641991512644593,1189684628059856958851494018306094325890181,2482408701375887570186938349115338
2026-06-05,1780617600,470130022,0xc6962004f452be9203591991d15f6b388e09e8d0,ETH/USDC,eth,500,True,18,6,1768.222028,-201543,3331562630903075562323968,1998306969770754320,1191676386459589470907718878490932203925277,2485868345654588293222489825322996
2026-06-06,1780704000,470476602,0xc6962004f452be9203591991d15f6b388e09e8d0,ETH/USDC,eth,500,True,18,6,1583.427746,-202647,3152671415586451074491176,1517617371061345263,1195867578128269131215307251521971606594858,2492395167424739917018266855930835
2026-06-07,1780790400,470820574,0xc6962004f452be9203591991d15f6b388e09e8d0,ETH/USDC,eth,500,True,18,6,1569.161239,-202738,3138436670765425293771149,1777290838253620565,1197642980278684730030471571716512219520285,2495133377665583584193517386223126
2026-06-08,1780876800,471164230,0xc6962004f452be9203591991d15f6b388e09e8d0,ETH/USDC,eth,500,True,18,6,1690.47974,-201993,3257501083196336300000000,1862300093167323264,1198875890792547393195771677681973898998839,2497342125266882715444924316885640
2026-06-09,1780963200,471507498,0xc6962004f452be9203591991d15f6b388e09e8d0,ETH/USDC,eth,500,True,18,6,1690.384065,-201994,3257408901410979100385017,2056872185019025586,1200054665277956288438916727361649107516821,2499325155450779344497357308351664
2026-06-10,1781049600,471851534,0xc6962004f452be9203591991d15f6b388e09e8d0,ETH/USDC,eth,500,True,18,6,1639.025946,-202302,3207543080258102544564224,2058625873540112605,1201155235649700322521401327311068218896088,2501069327707423665724901170870561
2026-06-11,1781136000,472195782,0xc6962004f452be9203591991d15f6b388e09e8d0,ETH/USDC,eth,500,True,18,6,1620.875746,-202414,3189733837648840348401664,2208464352860075379,1202291530966258732554423229623095306295665,2502895421913121241077078220459686
2026-06-12,1781222400,472540118,0xc6962004f452be9203591991d15f6b388e09e8d0,ETH/USDC,eth,500,True,18,6,1672.161421,-202102,3239803598795898702490203,2204010708819116033,1203021687543843518895816060890203674823359,2504186639269669590515604432248163
2026-06-13,1781308800,472884390,0xc6962004f452be9203591991d15f6b388e09e8d0,ETH/USDC,eth,500,True,18,6,1665.230557,-202144,3233082371687957048941286,2268895214710317703,1203514909691380054161833424259704967303623,2504999077973229898568622576019136
2026-06-14,1781395200,473226966,0xc6962004f452be9203591991d15f6b388e09e8d0,ETH/USDC,eth,500,True,18,6,1680.15275,-202054,3247535949554505154035712,2439966097730284451,1203712277494481302789219500461622795524475,2505352970373794395065074404363054
2026-06-15,1781481600,473569330,0xc6962004f452be9203591991d15f6b388e09e8d0,ETH/USDC,eth,500,True,18,6,1725.57567,-201788,3291141751695287379562664,2306795207279443576,1204047687657415669788923705887967851846684,2505991891093252265554021513252984
2026-06-16,1781568000,473913090,0xc6962004f452be9203591991d15f6b388e09e8d0,ETH/USDC,eth,500,True,18,6,1795.459645,-201391,3357124194085869777395888,2352448311025946299,1204726755754396798809190335781561361276994,2507312604822096620293206651457393
2026-06-17,1781654400,474255810,0xc6962004f452be9203591991d15f6b388e09e8d0,ETH/USDC,eth,500,True,18,6,1791.369821,-201413,3353298467533971600000000,2465005804426336194,1205415018589055862563651421820947846730505,2508538555497556855249241373101442
2026-06-18,1781740800,474599718,0xc6962004f452be9203591991d15f6b388e09e8d0,ETH/USDC,eth,500,True,18,6,1748.857273,-201654,3313269536328786220868321,2498852567602153443,1206342595087628596876566782702022716374708,2510110534707912327590195500769044
2026-06-19,1781827200,474943690,0xc6962004f452be9203591991d15f6b388e09e8d0,ETH/USDC,eth,500,True,18,6,1710.082184,-201878,3276333292765803614044160,2485185233203213289,1207033025139718287212305290452276948141423,2511237671721824099445199640214007
2026-06-20,1781913600,475287458,0xc6962004f452be9203591991d15f6b388e09e8d0,ETH/USDC,eth,500,True,18,6,1710.423788,-201876,3276660514440141115534262,2542640845034076762,1207455551000174253479971425802083522869844,2511955461891328823441919542172261
2026-06-21,1782000000,475631626,0xc6962004f452be9203591991d15f6b388e09e8d0,ETH/USDC,eth,500,True,18,6,1739.800325,-201706,3304679052476071549529919,2649589938766146062,1207753996659366061566097450646705970324502,2512515997484969497337161050525883
2026-06-22,1782086400,475976014,0xc6962004f452be9203591991d15f6b388e09e8d0,ETH/USDC,eth,500,True,18,6,1705.362475,-201905,3271808941655907815653376,2620290115915520030,1208042495429223655581404532017084368669304,2512959748210673673805787849974413
2026-06-23,1782172800,476321822,0xc6962004f452be9203591991d15f6b388e09e8d0,ETH/USDC,eth,500,True,18,6,1727.504738,-201776,3292980866341716729796737,2663685968301520828,1208605330113978391065735450919950807199582,2513975112186797777609463249900857
2026-06-24,1782259200,476667350,0xc6962004f452be9203591991d15f6b388e09e8d0,ETH/USDC,eth,500,True,18,6,1665.521088,-202142,3233364395018441290941652,2395779597674050722,1209265875717473443751629141648555293820710,2514984111087091802047601121240061
2026-06-25,1782345600,477013374,0xc6962004f452be9203591991d15f6b388e09e8d0,ETH/USDC,eth,500,True,18,6,1620.224677,-202418,3189093151707876820429945,2156229837381016217,1210541914680069617809367117445210523444629,2516977485284116306574320072274057
2026-06-26,1782432000,477359614,0xc6962004f452be9203591991d15f6b388e09e8d0,ETH/USDC,eth,500,True,18,6,1565.704225,-202760,3134977624465197835335803,1727673384044841478,1211969541570653214227940821679492997791469,2519149512951981429502363140989136
2026-06-27,1782518400,477705790,0xc6962004f452be9203591991d15f6b388e09e8d0,ETH/USDC,eth,500,True,18,6,1577.42455,-202685,3146689431548724152665998,2054997798068690730,1213377028700359251853129934967349249166084,2521354582320863249357280116490612
2026-06-28,1782604800,478051586,0xc6962004f452be9203591991d15f6b388e09e8d0,ETH/USDC,eth,500,True,18,6,1572.296706,-202718,3141570687261277064719061,2025922451289297841,1213680345242122730694173043823061188264039,2521826592493777946397913937497601
2026-06-29,1782691200,478397498,0xc6962004f452be9203591991d15f6b388e09e8d0,ETH/USDC,eth,500,True,18,6,1570.514456,-202729,3139789644898120906047488,2116514622333619607,1214167545456406169675723699330149552404001,2522588768336999070215476943364163
2026-06-30,1782777600,478743694,0xc6962004f452be9203591991d15f6b388e09e8d0,ETH/USDC,eth,500,True,18,6,1611.116553,-202474,3180116744647645002203136,2284018859216939037,1215140612988431100587508048771396470587629,2524193031828620753140551702522765
2026-07-01,1782864000,479089710,0xc6962004f452be9203591991d15f6b388e09e8d0,ETH/USDC,eth,500,True,18,6,1570.400602,-202730,3139675834276071342846696,1952265872067431756,1215742501414286836455328342133802425430269,2525074816104035694278599345970740
2026-07-02,1782950400,479435770,0xc6962004f452be9203591991d15f6b388e09e8d0,ETH/USDC,eth,500,True,18,6,1608.673433,-202489,3177704643002757885722624,2364455660074820638,1216497012565233262112253845716315280733910,2526340952281892588606544542772027
2026-07-03,1783036800,479781686,0xc6962004f452be9203591991d15f6b388e09e8d0,ETH/USDC,eth,500,True,18,6,1698.424785,-201946,3265147035945794812248064,2463062199747707087,1217276766127764077342420898086333851084923,2527783242909615893760674563395292
2026-07-04,1783123200,480127362,0xc6962004f452be9203591991d15f6b388e09e8d0,ETH/USDC,eth,500,True,18,6,1756.832216,-201608,3320815344153256916477670,2431772462025781891,1217794422743291323155307746454023861017763,2528769703251950616620382848093101
2026-07-05,1783209600,480472702,0xc6962004f452be9203591991d15f6b388e09e8d0,ETH/USDC,eth,500,True,18,6,1779.21,-201482,3341897990607488290181626,2510548166567350733,1218133098712409405648046749013234032201277,2529405413535065802603969545208514
2026-07-06,1783296000,480818322,0xc6962004f452be9203591991d15f6b388e09e8d0,ETH/USDC,eth,500,True,18,6,1784.202052,-201454,3346583002930301097738240,2598073981782155348,1218465425829315637009411952728151617621488,2530002711273326734588995326542640
2026-07-07,1783382400,481164082,0xc6962004f452be9203591991d15f6b388e09e8d0,ETH/USDC,eth,500,True,18,6,1798.022199,-201376,3359519052785472095962114,2396162424313032648,1219206349900066351337002987087331455999802,2531338913380193269598635609970180
2026-07-08,1783468800,481509786,0xc6962004f452be9203591991d15f6b388e09e8d0,ETH/USDC,eth,500,True,18,6,1769.929944,-201534,3333171211231775795351771,2564516074359480790,1219830684443235825792126080828764131115879,2532409010200060842794594613810498
2026-07-09,1783555200,481855950,0xc6962004f452be9203591991d15f6b388e09e8d0,ETH/USDC,eth,500,True,18,6,1742.879696,-201688,3307602328426799479757093,2617134663541579515,1220444579416020298399043509251192655175638,2533437401799953712900682672884974
2026-07-10,1783641600,482201974,0xc6962004f452be9203591991d15f6b388e09e8d0,ETH/USDC,eth,500,True,18,6,1744.965048,-201676,3309580506657853009821696,2684661399244219228,1220848529234225413932866311985678314630940,2534144560006697217065983315191033
2026-07-11,1783728000,482548090,0xc6962004f452be9203591991d15f6b388e09e8d0,ETH/USDC,eth,500,True,18,6,1795.765006,-201389,3357409661313942858760192,3722023207100907054,1221240218214049447794425930129205314267190,2534920068500452611038880499400015
2026-07-12,1783814400,482893718,0xc6962004f452be9203591991d15f6b388e09e8d0,ETH/USDC,eth,500,True,18,6,1787.70524,-201434,3349866813067547792900096,2516804022828456672,1221473236235429369835008651538240645281702,2535329201201661779468505845107810
2026-07-13,1783900800,483239018,0xc6962004f452be9203591991d15f6b388e09e8d0,ETH/USDC,eth,500,True,18,6,1805.875507,-201333,3366847825338869504021244,2574329221785666572,1221725536294222403432835699809555468507751,2535812169821936363088577329039549
2026-07-14,1783987200,483584978,0xc6962004f452be9203591991d15f6b388e09e8d0,ETH/USDC,eth,500,True,18,6,1774.327126,-201509,3337309077829796000000000,2699836007821049002,1222340349005821834022775473331596610377710,2536863680174287798341188035538953
2026-07-15,1784073600,483931030,0xc6962004f452be9203591991d15f6b388e09e8d0,ETH/USDC,eth,500,True,18,6,1890.745001,-200873,3445054241884263216578560,3064477866148307007,1222869280738622376020865101903249023989095,2538011769219487049356452207928263
2026-07-16,1784160000,484276818,0xc6962004f452be9203591991d15f6b388e09e8d0,ETH/USDC,eth,500,True,18,6,1917.231071,-200734,3469099953168435385462840,3215996985310522921,1223950427213973709140143169409539548589206,2540148869195442642148625461043981
2026-07-17,1784246400,484622262,0xc6962004f452be9203591991d15f6b388e09e8d0,ETH/USDC,eth,500,True,18,6,1863.053258,-201021,3419733153110540338656799,2715648227782032649,1224479784479722358476912978545764758191747,2541070570636075786893732161783400
2026-07-18,1784332800,484967778,0xc6962004f452be9203591991d15f6b388e09e8d0,ETH/USDC,eth,500,True,18,6,1841.594824,-201137,3399982068077218735587328,2720427379126799103,1224948524827789403075746162485873989499143,2541898841428994981751113307005397
2026-07-19,1784419200,485312918,0xc6962004f452be9203591991d15f6b388e09e8d0,ETH/USDC,eth,500,True,18,6,1861.126323,-201031,3417964199469422853988520,2732749812237893372,1225057747475049317791350729253369731259239,2542129875564878533607608113174357
2026-07-20,1784505600,485658082,0xc6962004f452be9203591991d15f6b388e09e8d0,ETH/USDC,eth,500,True,18,6,1871.47872,-200976,3427457121336835450704398,2803775936437243618,1225280285689619928359748589642360053878449,2542560676751421939833259616415925
2026-07-21,1784592000,486003682,0xc6962004f452be9203591991d15f6b388e09e8d0,ETH/USDC,eth,500,True,18,6,1903.466841,-200806,3456624800621387814273024,3383702514635914812,1225828100259346956253731354466661304676199,2543636196130933380939728997136039
2026-07-22,1784678400,486349202,0xc6962004f452be9203591991d15f6b388e09e8d0,ETH/USDC,eth,500,True,18,6,1928.467358,-200676,3479250752804735420465152,3460118953497451607,1226125371499184692760975452622399250511928,2544245624729223144688668716035385
2026-07-23,1784764800,486694610,0xc6962004f452be9203591991d15f6b388e09e8d0,ETH/USDC,eth,500,True,18,6,1932.929293,-200653,3483273434249901081283189,3546387946012420108,1226491995883479509211733963929600291023112,2544960508958049383987910083097016
2026-07-24,1784851200,487039642,0xc6962004f452be9203591991d15f6b388e09e8d0,ETH/USDC,eth,500,True,18,6,1876.744342,-200948,3432275508852527464448000,2973781670979107084,1226823284957231186262875205713194972271868,2545508596488537227252687117051597
2026-07-25,1784937600,487384978,0xc6962004f452be9203591991d15f6b388e09e8d0,ETH/USDC,eth,500,True,18,6,1859.433159,-201040,3416409095929920448056430,3331883812237768295,1227159315860260771111977396431950475428697,2546111279588989375921580277037059
2026-07-26,1785024000,487730158,0xc6962004f452be9203591991d15f6b388e09e8d0,ETH/USDC,eth,500,True,18,6,1873.078024,-200967,3428921305084226837653180,3340316815940806167,1227233448188295236371701700971570269335296,2546269537539719601489157494087591
2026-07-27,1785110400,488075418,0xc6962004f452be9203591991d15f6b388e09e8d0,ETH/USDC,eth,500,True,18,6,1952.977561,-200550,3501291024000826283055848,3312274176752902399,1227419112155651535467337323342218701324572,2546741623777364232725359181429141
2026-07-28,1785196800,488421114,0xc6962004f452be9203591991d15f6b388e09e8d0,ETH/USDC,eth,500,True,18,6,1890.679185,-200874,3444994280659888239542272,3819182459867137477,1227981524747830468368139907762245363671685,2547741676113269717997909098757270
2026-07-29,1785283200,488766722,0xc6962004f452be9203591991d15f6b388e09e8d0,ETH/USDC,eth,500,True,18,6,1919.744955,-200721,3471373559621540059807744,4021152804047439501,1228457620367514497260627311519743878139884,2548683992169059355958294903473686
2026-07-30,1785369600,489112138,0xc6962004f452be9203591991d15f6b388e09e8d0,ETH/USDC,eth,500,True,18,6,1909.349957,-200776,3461962439172774090567155,4124267554734306271,1229059302481138557411325565254734903747103,2549813934467596623723847609845226
2026-07-31,1785456000,489457098,0xc6962004f452be9203591991d15f6b388e09e8d0,ETH/USDC,eth,500,True,18,6,1917.93021,-200731,3469732417484057185615872,4267848352959282990,1229387081286021346805596949365089465859108,2550454491114181489219983496614675
2026-08-01,1785542400,489802914,0xc6962004f452be9203591991d15f6b388e09e8d0,ETH/USDC,eth,500,True,18,6,1860.824221,-201033,3417686782740814045904896,3320126701213551017,1229759217340038095654274646577666712784772,2551070624499625359665412394037177
2026-08-02,1785628800,490148034,0xc6962004f452be9203591991d15f6b388e09e8d0,ETH/USDC,eth,500,True,18,6,1843.917865,-201124,3402125810464567961149059,3267372562952279359,1229908352688283135379366181047437827963627,2551321026274583801017496651232627
2026-08-03,1785715200,490490942,0xc6962004f452be9203591991d15f6b388e09e8d0,ETH/USDC,eth,500,True,18,6,1882.938881,-200915,3437935269608366331133952,3467390481723610195,1230101982540980570730121266293945638755876,2551741159408891587869765090299475
2026-08-04,1785801600,490835378,0xc6962004f452be9203591991d15f6b388e09e8d0,ETH/USDC,eth,500,True,18,6,1858.362921,-201046,3415425759415228906303468,3501744709363556321,1230448549641909447238858952499941006768505,2552348383973511389605896788142306
2026-08-05,1785888000,491180382,0xc6962004f452be9203591991d15f6b388e09e8d0,ETH/USDC,eth,500,True,18,6,1869.147813,-200988,3425322025553006758669095,3529601364186098888,1230760133401398603197725650760162978936030,2552945732710101605801763491251967
2026-08-06,1785974400,491525234,0xc6962004f452be9203591991d15f6b388e09e8d0,ETH/USDC,eth,500,True,18,6,1907.232599,-200787,3460042348916053873620851,4347393459733521369,1231041483984365116955213722779703446240277,2553531990578363183535176023737847
2026-08-07,1786060800,491869879,0xc6962004f452be9203591991d15f6b388e09e8d0,ETH/USDC,eth,500,True,18,6,1902.008542,-200814,3455300438422363869612334,4483748284660135071,1231261199338265463463755311139385578341274,2553943210086656199662553737659222
2026-08-08,1786147200,492214299,0xc6962004f452be9203591991d15f6b388e09e8d0,ETH/USDC,eth,500,True,18,6,1913.762747,-200752,3465960683523013615127021,4498278760506539490,1231504373970550333932096112253065667448258,2554426330438724613100515989243549
2026-08-09,1786233600,492557227,0xc6962004f452be9203591991d15f6b388e09e8d0,ETH/USDC,eth,500,True,18,6,1916.267286,-200739,3468227891665666831364717,4597198175731212320,1231537589939835668858443231176764353202949,2554493721587040383004077883700093
2026-08-10,1786320000,492899711,0xc6962004f452be9203591991d15f6b388e09e8d0,ETH/USDC,eth,500,True,18,6,1908.82784,-200778,3461489064740280684511232,4680414028545499162,1231617044981186042894454599872378109477681,2554635365320087743236454686183709
2026-08-11,1786406400,493243763,0xc6962004f452be9203591991d15f6b388e09e8d0,ETH/USDC,eth,500,True,18,6,1871.639206,-200975,3427604076489249101865688,3315433438208220493,1231876911225263099646055010484235082583429,2555074418631944192605807783118982
2026-08-12,1786492800,493587595,0xc6962004f452be9203591991d15f6b388e09e8d0,ETH/USDC,eth,500,True,18,6,1881.980086,-200920,3437059857285315382584860,3612331067218460972,1232061697131360290574723820288914392519919,2555436042341722373298138729734667
2026-08-13,1786579200,493930791,0xc6962004f452be9203591991d15f6b388e09e8d0,ETH/USDC,eth,500,True,18,6,1877.66107,-200943,3433113683530936066506752,3760075092413931925,1232311238027901396146554466102753745397038,2555902539333985330157660717898207
2026-08-14,1786665600,494274207,0xc6962004f452be9203591991d15f6b388e09e8d0,ETH/USDC,eth,500,True,18,6,1884.0615,-200909,3438959974784831661801472,3871483943658326016,1232497752997928449528963650725201574362406,2556263130840206208637039713168723
2026-08-15,1786752000,494618475,0xc6962004f452be9203591991d15f6b388e09e8d0,ETH/USDC,eth,500,True,18,6,1880.21814,-200929,3435450560154901696847118,3970695209798195365,1232647783487050003899929318952160674225603,2556538876668113939924638232855317
2026-08-16,1786838400,494961559,0xc6962004f452be9203591991d15f6b388e09e8d0,ETH/USDC,eth,500,True,18,6,1881.310929,-200924,3436448762834644324966798,4035112107344039315,1232673099199637384559766470403417255097069,2556588098054458424109764684800883
2026-08-17,1786924800,495303655,0xc6962004f452be9203591991d15f6b388e09e8d0,ETH/USDC,eth,500,True,18,6,1874.790337,-200958,3430488256815790873547232,4009402084698046632,1232731253792909133653567713299023072541633,2556687734045832285861978572800406
2026-08-18,1787011200,495647035,0xc6962004f452be9203591991d15f6b388e09e8d0,ETH/USDC,eth,500,True,18,6,1912.009929,-200762,3464373080999086686770654,4682311876834059858,1232886954651813256746604546951190952048811,2557038257825007149650172261451974
2026-08-19,1787097600,495989779,0xc6962004f452be9203591991d15f6b388e09e8d0,ETH/USDC,eth,500,True,18,6,1916.884677,-200736,3468786550254591008229582,4577693511678666310,1233021136291549822173051299003126387925270,2557300883390732222420908620922212
2026-08-20,1787184000,496334415,0xc6962004f452be9203591991d15f6b388e09e8d0,ETH/USDC,eth,500,True,18,6,2252.346508,-199123,3760080873149581154148707,2381669766261187634,1234636267226166931738105826011226080812533,2561277079116123125867097743636924
2026-08-21,1787270400,496679279,0xc6962004f452be9203591991d15f6b388e09e8d0,ETH/USDC,eth,500,True,18,6,2326.507327,-198799,3821481804231102586421248,2706604538738557164,1235574817201109794451042949930426272441738,2563526901383121421435059032165469
2026-08-22,1787356800,497024903,0xc6962004f452be9203591991d15f6b388e09e8d0,ETH/USDC,eth,500,True,18,6,2515.125985,-198020,3973374093488867951936692,1835083240061408944,1237087793496161267547915506268482448320116,2567424066722949749883165432132066
2026-08-23,1787443200,497369019,0xc6962004f452be9203591991d15f6b388e09e8d0,ETH/USDC,eth,500,True,18,6,2423.144675,-198392,3900041749087283042058240,2921840582144780657,1237957229061992177203491486452855277849701,2569431981088934511220798907984680
2026-08-24,1787529600,497711823,0xc6962004f452be9203591991d15f6b388e09e8d0,ETH/USDC,eth,500,True,18,6,2463.382519,-198228,3932289750701535300000000,2676050267618354595,1238683158401286854766982159209835787018529,2571247390798130098444115670288204
2026-08-25,1787616000,498055771,0xc6962004f452be9203591991d15f6b388e09e8d0,ETH/USDC,eth,500,True,18,6,2481.884737,-198153,3947029641176088584217434,2925432413897271877,1239527513088549560161568887692857154691230,2573364151119707067604922637925918
2026-08-26,1787702400,498399847,0xc6962004f452be9203591991d15f6b388e09e8d0,ETH/USDC,eth,500,True,18,6,2442.990475,-198311,3915980049370642755743358,3090885132494456629,1240153298607155481111478060134617596191464,2574864267980010446099668195598983
2026-08-27,1787788800,498741251,0xc6962004f452be9203591991d15f6b388e09e8d0,ETH/USDC,eth,500,True,18,6,2506.685154,-198053,3966701113992616689542415,2713379335628022207,1240561478203557458489061405050597580321017,2575951289262539689653550135068699
2026-08-28,1787875200,499082675,0xc6962004f452be9203591991d15f6b388e09e8d0,ETH/USDC,eth,500,True,18,6,2511.111802,-198036,3970202041087465313830193,2961992705978511619,1241048454558505519662582718262911810098323,2577180188155139626618424749116492
2026-08-29,1787961600,499426795,0xc6962004f452be9203591991d15f6b388e09e8d0,ETH/USDC,eth,500,True,18,6,2441.692084,-198316,3914939286922686573187324,3281684648755917927,1241608536174588140256887242175930356488832,2578477983858029821541853652219803
2026-08-30,1788048000,499768767,0xc6962004f452be9203591991d15f6b388e09e8d0,ETH/USDC,eth,500,True,18,6,2458.307339,-198248,3928236915132956702409943,3300660619636112294,1241687662854923564100243518874063054510682,2578692863406179847935916015509936
2026-08-31,1788134400,500110931,0xc6962004f452be9203591991d15f6b388e09e8d0,ETH/USDC,eth,500,True,18,6,2416.831566,-198419,3894957973831953468620800,3022854890611101336,1242128448039859692496994862608126247669805,2579727131571376171218156005941988
2026-09-01,1788220800,500455223,0xc6962004f452be9203591991d15f6b388e09e8d0,ETH/USDC,eth,500,True,18,6,2466.370346,-198216,3934673757359054326013032,3331143007281967450,1242544882480714953267718928926096134499921,2580810847468823407505319706241969
2026-09-02,1788307200,500799207,0xc6962004f452be9203591991d15f6b388e09e8d0,ETH/USDC,eth,500,True,18,6,2418.549075,-198411,3896341694178138632001406,3242080529202292917,1242931732964676019047176172939896139663687,2581692499674455415304689244017435
2026-09-03,1788393600,501142027,0xc6962004f452be9203591991d15f6b388e09e8d0,ETH/USDC,eth,500,True,18,6,2391.907418,-198522,3874822087000058320912384,3547256664371138135,1243346680325013429753407411099271951297249,2582651137934814409914418586087218
2026-09-04,1788480000,501485127,0xc6962004f452be9203591991d15f6b388e09e8d0,ETH/USDC,eth,500,True,18,6,2508.623022,-198046,3968234106251246594999078,2862285952917493994,1243793452695525179299187416504570065649414,2583899324013893631367593309029112
2026-09-05,1788566400,501827071,0xc6962004f452be9203591991d15f6b388e09e8d0,ETH/USDC,eth,500,True,18,6,2455.8001,-198259,3926233190669210229420134,3262488244531859281,1244290934930507767501185792007222909357692,2585065882167539726145391204267828
